Data Source,World Development Indicators,,,,,,,,,,,,,,,,,,,,,,,,,,,,,,,,,,,,,,,,,,,,,,,,,,,,,,,,,,,,,,,,
Last Updated Date,7/25/23,,,,,,,,,,,,,,,,,,,,,,,,,,,,,,,,,,,,,,,,,,,,,,,,,,,,,,,,,,,,,,,,
,,,,,,,,,,,,,,,,,,,,,,,,,,,,,,,,,,,,,,,,,,,,,,,,,,,,,,,,,,,,,,,,,
Country Name,Country Code,Indicator Name,Indicator Code,1960,1961,1962,1963,1964,1965,1966,1967,1968,1969,1970,1971,1972,1973,1974,1975,1976,1977,1978,1979,1980,1981,1982,1983,1984,1985,1986,1987,1988,1989,1990,1991,1992,1993,1994,1995,1996,1997,1998,1999,2000,2001,2002,2003,2004,2005,2006,2007,2008,2009,2010,2011,2012,2013,2014,2015,2016,2017,2018,2019,2020,2021
Aruba,ABW,"Mortality rate, infant (per 1,000 live births)",SP.DYN.IMRT.IN,,,,,,,,,,,,,,,,,,,,,,,,,,,,,,,,,,,,,,,,,,,,,,,,,,,,,,,,,,,,,,
Africa Eastern and Southern,AFE,"Mortality rate, infant (per 1,000 live births)",SP.DYN.IMRT.IN,,,,,,,,,,,,,,,,,,,,,,,,,,,,,,,102.3925979,101.3107516,100.2981467,99.23758126,99.42048894,96.5279817,94.98192859,93.28858335,91.02152453,88.51139842,85.83172601,82.80680922,79.70722037,76.54768154,73.41652113,70.44796411,67.74419542,65.06835853,62.49700988,60.19387069,58.07454408,56.03620466,54.1233174,52.42163127,50.85829781,49.41616445,48.04776458,46.63862731,45.26828401,44.08134954,43.02777794,42.00421073
Afghanistan,AFG,"Mortality rate, infant (per 1,000 live births)",SP.DYN.IMRT.IN,,,,228.9,225.1,221.2,217.4,213.5,209.6,205.7,202,198.2,194.3,190.5,186.7,182.9,179,175,171,166.9,162.6,158.3,153.9,149.6,145.5,141.4,137.3,133.1,129,124.9,120.9,117.1,113.5,110.2,106.9,103.9,101,98.3,95.6,93.1,90.6,88,85.4,82.8,80.1,77.4,74.7,72,69.3,66.8,64.2,61.8,59.4,57.2,55,53,51.1,49.4,47.8,46.3,44.8,43.4
Africa Western and Central,AFW,"Mortality rate, infant (per 1,000 live births)",SP.DYN.IMRT.IN,,,,,,,,,,,,,,,,,,,,,,,,,,,,,,,113.5603063,112.6929423,111.9724663,111.225102,110.3406147,109.1538866,107.7410077,105.9304181,103.8871378,101.5690239,99.14004419,96.53686652,93.93909879,91.27731556,88.62624047,85.97243494,83.56201402,81.25134302,79.16779424,77.2692491,75.46503331,73.97092541,72.48216039,71.15284571,69.98855004,68.76096705,67.57198141,66.37397312,64.94525452,63.55601141,62.16517749,60.74963322
Angola,AGO,"Mortality rate, infant (per 1,000 live births)",SP.DYN.IMRT.IN,,,,,,,,,,,,,,,,,,,,,141.2,139.5,138,136.4,135,133.9,133.2,132.8,132.3,132.2,132,132,132.1,132.1,131.9,131.4,130.6,129.1,127.1,124.8,121.9,118.5,114.7,110.5,105.9,101,95.9,90.6,85.4,80.4,75.7,71.4,67.2,63.5,60.5,57.9,55.7,53.8,52,50.4,48.7,47.2
Albania,ALB,"Mortality rate, infant (per 1,000 live births)",SP.DYN.IMRT.IN,,,,,,,,,,,,,,,,,,,76.7,71.2,66,61.2,57,53.1,49.5,46.3,43.5,41,38.8,36.9,35.4,34,32.8,31.7,30.6,29.6,28.6,27.5,26.4,25.2,24.1,22.9,21.7,20.4,19.1,17.8,16.5,15.3,14.1,12.9,11.9,10.9,10,9.3,8.8,8.5,8.4,8.3,8.3,8.4,8.4,8.4
Andorra,AND,"Mortality rate, infant (per 1,000 live births)",SP.DYN.IMRT.IN,,,,,,,,,,,,,,,,,,,,,,,,,,10.2,10,9.8,9.6,9.3,9.1,8.9,8.7,8.4,8.1,7.9,7.6,7.3,7,6.8,6.5,6.3,6,5.8,5.6,5.4,5.1,4.9,4.6,4.4,4.2,4,3.9,3.7,3.5,3.3,3.2,3,2.9,2.8,2.7,2.6
Arab World,ARB,"Mortality rate, infant (per 1,000 live births)",SP.DYN.IMRT.IN,,,,,,,,,,,,,,,,,,,,,,,,,,,,,,,58.90292838,57.31736182,55.52981363,53.91969761,52.44575603,51.03840828,49.54711976,48.11056481,46.67596219,45.34063094,43.91885207,42.51322148,41.22279986,39.97090572,38.78155913,37.61665192,36.51546975,35.20199354,34.06279701,32.99481276,31.95149789,31.09781553,30.64514364,30.08870043,29.47472801,28.89716638,28.50157941,27.77948089,27.36846517,26.8987597,26.31614633,25.97937194
United Arab Emirates,ARE,"Mortality rate, infant (per 1,000 live births)",SP.DYN.IMRT.IN,135.5,128.9,122.5,116.2,109.9,103.3,96.6,89.8,83.1,76.7,70.6,64.9,59.5,54.6,50.3,46,42.1,38.4,35,31.9,29,26.5,24.3,22.4,20.8,19.3,18.1,16.9,15.9,15,14.2,13.5,12.8,12.3,11.7,11.3,10.9,10.5,10.2,9.9,9.6,9.3,9.1,8.9,8.6,8.4,8.2,8.1,7.9,7.6,7.4,7.2,7,6.8,6.7,6.5,6.3,6.2,6,5.8,5.6,5.4
Argentina,ARG,"Mortality rate, infant (per 1,000 live births)",SP.DYN.IMRT.IN,,,,,,,,,,59.5,59,58.3,57.5,56.4,54.9,52.8,50.2,47,43.6,40.1,37,34.2,31.8,29.8,28.2,27,26.1,25.7,25.6,25.6,25.4,25.1,24.4,23.5,22.6,21.6,20.7,19.8,19,18.2,17.6,17,16.4,15.8,15.3,14.8,14.4,14.1,13.7,13.4,12.9,12.4,11.9,11.4,10.9,10.3,9.8,9.1,8.4,7.6,6.8,6.1
Armenia,ARM,"Mortality rate, infant (per 1,000 live births)",SP.DYN.IMRT.IN,,,,,,,,,,,,,,,,,70,67.5,65,62.6,60.4,58.2,56.1,54.1,52.2,50.4,48.6,46.8,58.6,43.5,41.8,40.2,38.6,37,35.4,33.9,32.4,31,29.6,28.3,27,25.8,24.6,23.4,22.3,21.2,20.2,19.2,18.3,17.4,16.6,15.7,15,14.2,13.5,12.9,12.2,11.6,11.1,10.5,10,9.5
American Samoa,ASM,"Mortality rate, infant (per 1,000 live births)",SP.DYN.IMRT.IN,,,,,,,,,,,,,,,,,,,,,,,,,,,,,,,,,,,,,,,,,,,,,,,,,,,,,,,,,,,,,,
Antigua and Barbuda,ATG,"Mortality rate, infant (per 1,000 live births)",SP.DYN.IMRT.IN,62.9,58.8,54.3,49.6,44.9,40.4,36.1,32.3,29,26.2,23.8,21.9,20.3,19,17.9,16.8,15.9,15,14.1,13.3,12.6,12,11.5,11.2,10.9,10.7,10.7,10.7,10.8,10.9,11.1,11.4,11.7,12,12.4,12.6,12.8,12.9,12.9,12.8,12.6,12.3,11.9,11.5,11.1,10.6,10.1,9.7,9.2,8.8,8.3,7.9,7.5,7.1,6.8,6.5,6.2,6,5.7,5.5,5.3,5.2
Australia,AUS,"Mortality rate, infant (per 1,000 live births)",SP.DYN.IMRT.IN,20.3,19.9,19.5,19.1,18.7,18.5,18.3,18.2,18.1,18,17.8,17.4,16.9,16.1,15.3,14.4,13.5,12.6,11.9,11.3,10.8,10.4,10.1,9.8,9.6,9.3,9.1,8.8,8.4,8,7.6,7.1,6.7,6.3,6,5.8,5.6,5.4,5.3,5.2,5.1,5,5,4.9,4.8,4.8,4.7,4.5,4.4,4.2,4,3.8,3.6,3.5,3.3,3.3,3.2,3.2,3.2,3.2,3.2,3.2
Austria,AUT,"Mortality rate, infant (per 1,000 live births)",SP.DYN.IMRT.IN,37.3,34.9,32.9,31.1,29.6,28.3,27.2,26.3,25.7,25.2,25,24.7,24.1,23.1,21.6,19.8,18,16.6,15.5,14.6,13.9,13.2,12.6,11.9,11.3,10.7,10.1,9.4,8.9,8.4,8,7.6,7.2,6.7,6.2,5.7,5.3,5,4.8,4.7,4.6,4.5,4.4,4.3,4.2,4.1,3.9,3.8,3.8,3.7,3.6,3.5,3.3,3.2,3.1,3,3,2.9,2.9,2.9,3,3
Azerbaijan,AZE,"Mortality rate, infant (per 1,000 live births)",SP.DYN.IMRT.IN,,,,,,,,,,,,,,,,,,,,,,,86.1,84.2,82.4,80.7,79.3,78,76.9,76.2,75.9,76.1,76.3,76.4,76.1,75.2,73.6,71.3,68.3,64.8,61.1,57.3,53.6,50.2,47.1,44.2,41.6,39.2,36.8,34.6,32.5,30.5,28.5,26.7,25,23.3,21.8,20.4,19.2,18.2,17.4,16.6
Burundi,BDI,"Mortality rate, infant (per 1,000 live births)",SP.DYN.IMRT.IN,,,,,142.6,143.8,144.9,145.8,146.9,147.7,148.1,148.4,163.6,148.6,148.5,148.2,147.3,145.5,142.2,137.7,132.4,126.6,120.6,114.8,109.8,106.1,103.6,102.4,102.1,102.5,103.2,103.9,104.5,109.5,104.7,104.2,103.2,101.8,99.7,97.3,94.7,91.9,88.9,85.7,82.2,78.3,74.3,70.3,66.4,62.8,59.4,56.3,53.5,50.8,48.4,46.3,44.5,42.9,41.3,40,38.8,37.6
Belgium,BEL,"Mortality rate, infant (per 1,000 live births)",SP.DYN.IMRT.IN,29.4,28.1,27,26,25,24,23.2,22.5,21.9,21.3,20.6,19.7,18.7,17.7,16.7,15.7,14.9,14.1,13.4,12.8,12.3,11.7,11.2,10.6,10.2,9.8,9.5,9.2,8.9,8.6,8.4,8.1,7.7,7.3,6.8,6.3,5.9,5.5,5.2,5,4.8,4.7,4.5,4.4,4.3,4.2,4,3.9,3.8,3.8,3.7,3.6,3.5,3.4,3.4,3.4,3.3,3.4,3.4,3.4,3.4,3.4
Benin,BEN,"Mortality rate, infant (per 1,000 live births)",SP.DYN.IMRT.IN,183.9,180.9,177.8,174.7,171.5,168.3,165.2,162.2,159.4,156.6,153.8,151,148.3,145.4,142.5,139.4,136.5,133.5,130.7,128.2,125.8,123.5,121.3,119.2,117.1,115,112.9,110.8,108.6,106.5,104.4,102.2,100.1,98,96,94,92.2,90.3,88.6,86.8,85,83.3,81.5,79.8,78.2,76.6,75.1,73.7,72.3,70.9,69.6,68.4,67.1,65.8,64.6,63.3,62,60.8,59.5,58,56.6,55.2
Burkina Faso,BFA,"Mortality rate, infant (per 1,000 live births)",SP.DYN.IMRT.IN,156.8,155.3,153.7,152.3,151,149.9,148.7,147.6,146.7,145.7,144.6,143.2,141.4,138.9,135.8,132.2,128.2,124.2,120.6,117.4,114.7,112.3,110.3,108.4,106.6,104.9,103.1,101.5,100.3,99.3,98.7,98.5,98.3,98.1,97.7,97.1,96.1,94.9,93.6,92.3,90.8,89.2,87.5,85.4,83.1,80.6,78,75.3,72.8,70.5,68.3,66.4,64.6,62.9,61.2,59.7,58.3,56.9,55.6,54.2,53,51.8
Bangladesh,BGD,"Mortality rate, infant (per 1,000 live births)",SP.DYN.IMRT.IN,174.8,170.7,166.9,163.4,160.4,157.8,155.7,154.2,153.1,152.5,169.2,211.7,151.7,151.3,150.5,149.3,147.8,145.8,143.4,140.7,137.7,134.6,131.3,127.8,124.1,120.3,116.5,112.7,108.8,104.9,101,97.1,93.1,89.2,85.2,81.3,77.5,73.7,70,66.5,63.1,60,57,54.3,51.8,49.3,47,44.8,42.7,40.7,38.9,37.2,35.5,34,32.4,31,29.5,28.1,26.7,25.3,24.1,22.9
Bulgaria,BGR,"Mortality rate, infant (per 1,000 live births)",SP.DYN.IMRT.IN,45.1,40.1,36.3,33.7,32.1,31.3,31.2,31,30.2,28.8,27.5,26.4,25.7,25.1,24.6,24.2,23.6,22.8,21.8,20.6,19.6,18.7,18.1,17.4,16.7,15.8,14.9,14.3,14.1,14.2,14.6,15.1,15.4,15.4,15.3,15.4,15.6,15.7,15.5,14.9,14.3,13.7,13.2,12.5,11.8,11,10.4,9.8,9.5,9.3,9.1,8.7,8.2,7.7,7.3,6.8,6.4,6.1,5.8,5.6,5.4,5.3
Bahrain,BHR,"Mortality rate, infant (per 1,000 live births)",SP.DYN.IMRT.IN,133,122.6,113.2,104.4,96,88.1,80.9,74.1,67.8,62.1,56.9,52.1,47.8,43.9,40.5,37.4,34.7,32.4,30.3,28.4,26.7,25.3,24,22.9,22,21.1,20.5,20.1,19.8,19.7,19.6,19.3,18.8,18,16.8,15.6,14.3,13.1,12.1,11.3,10.7,10.3,10,9.7,9.4,9.1,8.8,8.4,8,7.6,7.3,7,6.7,6.6,6.5,6.4,6.3,6.2,6.1,6.1,6,5.9
"Bahamas, The",BHS,"Mortality rate, infant (per 1,000 live births)",SP.DYN.IMRT.IN,,,,,,,,,24.6,25.1,25.6,26,26.3,26.5,26.6,26.5,26.3,26,25.6,25.3,24.9,24.5,24.2,24,23.9,23.6,23.2,22.6,21.8,20.9,20,19.1,18.2,17.4,16.6,15.8,15.1,14.6,14.2,14,14,14.1,14.2,14.4,14.5,14.5,14.4,14.2,13.9,13.6,13.3,13,12.7,12.4,12.2,12,11.9,11.8,11.7,15.4,11.5,11.4
Bosnia and Herzegovina,BIH,"Mortality rate, infant (per 1,000 live births)",SP.DYN.IMRT.IN,,,,,,,,,,,,,,,,,,,,,,,,,26.1,24,22.1,20.4,18.8,17.4,16.1,14.9,21.7,21,17,11.8,10.8,10.2,9.6,9.1,8.7,8.4,8.2,8,7.9,7.8,7.5,7.2,6.9,6.6,6.3,6,5.8,5.6,5.5,5.4,5.4,5.3,5.2,5.1,5,4.8
Belarus,BLR,"Mortality rate, infant (per 1,000 live births)",SP.DYN.IMRT.IN,,,,,,,,,,,,,,,,,,,,,17.2,16.5,15.8,15.2,14.7,14.2,13.7,13.2,12.7,12.4,12.1,12.1,12.2,12.3,12.4,12.4,12.2,11.9,11.4,10.7,10,9.2,8.5,7.8,7.3,6.7,6.2,5.6,5.1,4.6,4.3,4,3.7,3.5,3.3,3.1,2.9,2.7,2.5,2.4,2.2,2.1
Belize,BLZ,"Mortality rate, infant (per 1,000 live births)",SP.DYN.IMRT.IN,,,,,,,,78.6,75.8,73,70.4,67.8,65.4,63,60.8,58.7,56.7,54.9,53.1,51.3,49.6,47.9,46.2,44.4,42.6,40.7,38.9,36.9,35,33.1,31.3,29.6,28,26.6,25.3,24.2,23.2,22.3,21.5,20.7,20,19.4,18.9,18.5,18.1,17.9,17.6,17.3,17,16.6,16.2,15.7,15.2,14.5,13.9,13.2,12.5,11.8,11.2,10.6,10.1,9.6
Bermuda,BMU,"Mortality rate, infant (per 1,000 live births)",SP.DYN.IMRT.IN,,,,,,,,,,,,,,,,,,,,,,,,,,,,,,,,,,,,,,,,,,,,,,,,,,,,,,,,,,,,,,
Bolivia,BOL,"Mortality rate, infant (per 1,000 live births)",SP.DYN.IMRT.IN,175.2,172,168.8,165.6,162.5,159.3,156.2,153,149.8,146.6,143.3,139.9,136.5,133.1,129.6,126.2,122.8,119.5,116.4,113.5,110.7,108.1,105.7,103.2,100.6,98,95.3,92.4,89.6,86.7,83.9,81.1,78.3,75.5,72.8,70,67.2,64.4,61.5,58.6,55.8,53.1,50.5,47.9,45.5,43.2,41,38.9,36.9,35,33.2,31.5,29.8,28.3,26.9,25.6,24.5,23.5,22.6,21.7,20.9,20.2
Brazil,BRA,"Mortality rate, infant (per 1,000 live births)",SP.DYN.IMRT.IN,127.7,124.6,121.6,118.7,116,113.5,111.1,108.9,106.6,104.2,101.9,99.6,97.3,94.9,92.6,90.2,87.7,85.2,82.5,79.6,76.6,73.6,70.6,67.9,65.3,62.9,60.7,58.6,56.6,54.7,52.7,50.6,48.3,46,43.5,41.1,38.7,36.4,34.3,32.3,30.4,28.6,26.8,25.1,23.5,22,20.7,19.5,18.4,17.5,16.7,16,15.4,14.9,14.6,14.3,15.1,13.8,13.5,13.4,13.1,12.9
Barbados,BRB,"Mortality rate, infant (per 1,000 live births)",SP.DYN.IMRT.IN,70.1,65.2,61.1,57.5,54.2,51.4,49,46.8,44.8,42.8,40.9,38.9,37,35.1,33.2,31.4,29.7,28,26.4,24.9,23.5,22.4,21.4,20.6,19.9,19.3,18.7,18.1,17.5,16.8,16.2,15.5,14.9,14.4,14,13.7,13.5,13.4,13.4,13.6,13.8,14,14.2,14.3,14.4,14.4,14.3,14.2,14.1,13.9,13.8,13.7,13.6,13.5,13.3,13,12.8,12.5,12.1,11.7,11.4,11.1
Brunei ,BRN,"Mortality rate, infant (per 1,000 live births)",SP.DYN.IMRT.IN,84,75.9,68,61.2,55.5,51.1,47.8,45.3,43.1,41,38.7,36,33.1,30.2,27.3,24.7,22.3,20.2,18.3,16.7,15.4,14.2,13.2,12.4,11.7,11.2,10.8,10.5,10.3,10.3,10.2,10.3,10.3,10.2,10,9.7,9.4,9.1,8.8,8.5,8.2,8,7.9,7.7,7.7,7.7,7.7,7.7,7.7,7.8,7.9,8.1,8.2,8.4,8.6,8.8,9,9.2,9.4,9.5,9.6,9.6
Bhutan,BTN,"Mortality rate, infant (per 1,000 live births)",SP.DYN.IMRT.IN,,,,,,,,,194.2,187.8,181.9,176.4,170.8,165.3,159.9,154.8,149.7,144.8,139.9,135.3,130.5,125.8,121.2,116.8,112.6,108.4,104.3,100.2,96.3,92.5,88.9,85.3,81.9,78.5,75.3,72.1,69,66,63,60.1,57.4,54.7,52.1,49.6,47.1,44.7,42.3,40.1,38,36,34.1,32.5,31,29.7,28.5,27.4,26.4,25.5,24.7,23.9,23.1,22.5
Botswana,BWA,"Mortality rate, infant (per 1,000 live births)",SP.DYN.IMRT.IN,113.6,110.3,107.4,104.7,102.2,100,97.8,95.4,92.7,90,87,84.1,81.2,78.4,75.3,71.9,68.1,64.3,60.9,57.7,54.9,52.4,50.1,48,45.8,43.7,41.4,38.9,36.6,34.8,33.8,33.8,34.2,35.1,36.1,37.5,36.6,36.9,36.6,36.1,35.1,34.7,36,38.4,41.1,41.4,43.5,47.3,49.4,48.7,48.3,48,42.9,39.7,38.7,36.6,35.3,32.3,30.9,29.9,29,28.3
Central African Republic,CAF,"Mortality rate, infant (per 1,000 live births)",SP.DYN.IMRT.IN,,160.6,158.2,155.9,153.4,150.7,148.2,145.4,142.9,140.4,138,135.7,133.6,131.6,129.7,128,126.3,124.7,123.2,121.7,120.6,119.5,118.6,117.9,117.3,116.9,116.5,116.2,116,115.7,115.4,115,114.6,114.1,113.7,113.1,112.4,111.6,110.7,109.7,108.5,107.2,105.8,104.2,102.4,100.5,98.2,96.3,94.6,92.7,91.1,89.3,87.8,86.9,85.3,83.7,82.4,81.7,80.3,78.6,77.2,75.4
Canada,CAN,"Mortality rate, infant (per 1,000 live births)",SP.DYN.IMRT.IN,27.8,26.9,26,25,24,23.1,22.1,21.2,20.3,19.4,18.5,17.6,16.7,15.9,15,14.1,13.3,12.5,11.7,11,10.3,9.7,9.2,8.7,8.3,8,7.7,7.5,7.3,7,6.8,6.6,6.4,6.2,6,5.8,5.6,5.5,5.4,5.3,5.3,5.3,5.3,5.3,5.3,5.2,5.2,5.1,5.1,5,5,4.9,4.8,4.8,4.7,4.7,4.7,4.6,4.6,4.5,4.5,4.4
Central Europe and the Baltics,CEB,"Mortality rate, infant (per 1,000 live births)",SP.DYN.IMRT.IN,,,,,,,,,,,,,,,,,,,,,,,,,,,,,,,16.05357056,15.52572286,15.146085,14.66888595,14.25805657,13.70883419,13.04727889,12.40013246,11.70376577,11.02643154,10.38378121,9.865685988,9.536429435,9.244003204,8.907333356,8.462354543,7.939703647,7.397964594,6.974685391,6.571686779,6.203647561,5.868817133,5.624872898,5.332220538,5.091058663,4.867274691,4.659804869,4.457808036,4.238922204,4.092127285,3.955419369,3.872050497
Switzerland,CHE,"Mortality rate, infant (per 1,000 live births)",SP.DYN.IMRT.IN,21.7,21.2,20.7,20,19.2,18.4,17.6,16.9,16.3,15.6,15,14.3,13.6,12.8,12,11.2,10.5,9.8,9.2,8.8,8.4,8.1,7.8,7.6,7.4,7.3,7.2,7.1,7,6.8,6.6,6.4,6.1,5.8,5.5,5.2,5.1,4.9,4.8,4.7,4.7,4.6,4.5,4.5,4.4,4.3,4.2,4.1,4,4,3.9,3.9,3.8,3.8,3.8,3.7,3.7,3.6,3.6,3.5,3.4,3.4
Channel Islands,CHI,"Mortality rate, infant (per 1,000 live births)",SP.DYN.IMRT.IN,,,,,,,,,,,,,,,,,,,,,,,,,,,,,,,,,,,,,,,,,,,,,,,,,,,,,,,,,,,,,,
Chile,CHL,"Mortality rate, infant (per 1,000 live births)",SP.DYN.IMRT.IN,131,123.9,118.5,113.2,106,96.5,86.9,78.7,72.6,68.8,67,66.1,65.2,63.4,59.7,54.1,47.5,41,35.3,30.9,27.8,25.2,22.8,20.7,19.4,18.9,18.7,18.5,18,17.2,16.1,14.9,13.7,12.7,11.8,11.1,10.6,10.3,10.1,9.8,9.2,8.7,8.3,8.1,7.9,7.7,7.6,7.6,7.6,7.5,7.4,7.3,7.2,7,6.9,6.8,6.7,6.5,6.3,6.1,5.9,5.6
China,CHN,"Mortality rate, infant (per 1,000 live births)",SP.DYN.IMRT.IN,,,,,,,,,,83.1,79.3,75.7,72.1,68.7,65.1,61.5,58,54.7,51.7,49.1,46.9,45.1,43.7,42.7,42.1,41.8,41.8,42.1,42.4,42.6,42.7,42.4,41.9,41,39.8,38.4,37,35.4,33.8,31.9,30,27.9,25.7,23.5,21.4,19.5,17.7,16.2,14.8,13.6,12.5,11.5,10.6,9.7,8.9,8.2,7.6,7,6.4,5.9,5.5,5.1
Cote D'Ivoire,CIV,"Mortality rate, infant (per 1,000 live births)",SP.DYN.IMRT.IN,213.4,207.9,202.4,197.1,192,187,182.1,177.3,172.5,167.8,162.9,158,152.7,147.4,142,136.6,131.3,126.4,122,118.3,115.3,112.7,110.6,108.8,107.4,106.3,105.5,104.9,104.7,104.5,104.3,104.2,103.9,103.6,103,102.4,101.5,100.3,98.9,97.3,95.6,93.8,91.8,89.8,87.8,85.5,83.6,81.3,79,76.9,74.9,73.1,71.1,69.2,67.3,65.6,64.2,62.6,61,59,57.5,55.9
Cameroon,CMR,"Mortality rate, infant (per 1,000 live births)",SP.DYN.IMRT.IN,165.1,161.4,158.4,155.7,152.8,149.4,145.5,140.8,135.7,130.5,125.8,121.8,118.6,116.3,114.9,114,113.5,112.8,111.6,110.1,107.8,105,101.8,98.3,94.8,91.5,88.6,86.4,85,84.4,84.6,85.5,86.7,88.1,89.2,90,90.5,90.6,90.2,89.2,87.7,85.9,83.9,81.9,79.9,78.2,76.3,74.7,72.7,71.1,68.6,66.6,64.3,61.6,59.5,57.1,55.3,53.2,51.5,50.1,48.5,47
DR Congo,COD,"Mortality rate, infant (per 1,000 live births)",SP.DYN.IMRT.IN,,,,,,,,,,150.2,148.7,147.2,145.6,143.9,142.2,140.4,138.6,136.9,135.2,133.6,132,130.5,129.1,127.6,126.3,125.2,124.1,123,121.9,120.8,119.7,118.6,117.5,116.5,115.6,114.6,113.5,112.2,110.7,108.9,106.9,104.8,102.6,100.3,98,95.6,93.2,90.8,88.5,86.2,83.9,81.8,79.5,77.4,75.3,73.4,71.5,69.5,67.6,65.9,64.1,62.4
Congo,COG,"Mortality rate, infant (per 1,000 live births)",SP.DYN.IMRT.IN,115.7,111.6,107.9,104.5,101.2,98.1,95.1,92.3,89.6,87.2,84.8,82.7,80.8,78.9,77.2,75.6,74.1,72.6,71.1,69.6,68.3,66.9,65.4,64,62.6,61.3,60.1,59.4,59,59,59.5,60.5,61.7,63.4,65.3,67.2,69.3,71.1,72.3,72.7,72.1,70.4,67.8,64.5,60.8,56.8,53.2,49.9,47.1,44.9,43.2,41.9,40.9,39.8,38.8,37.7,36.7,35.7,34.8,35.9,32.9,32
Colombia,COL,"Mortality rate, infant (per 1,000 live births)",SP.DYN.IMRT.IN,94.1,91.3,88.6,86.1,83.7,81.4,79.2,77,74.9,72.6,70.4,68.1,65.7,63.2,60.7,58.1,55.4,52.8,50.1,47.6,45.1,42.7,40.5,38.5,36.6,35,33.5,32.2,31.1,30.1,29.2,28.3,27.5,26.6,25.8,24.9,24.1,23.3,22.6,21.8,21.2,20.6,20,19.4,18.9,18.3,17.8,17.3,16.8,16.3,15.8,15.3,14.8,14.3,13.9,13.4,13,12.6,12.2,11.8,11.4,11.1
Comoros,COM,"Mortality rate, infant (per 1,000 live births)",SP.DYN.IMRT.IN,,,,,,,,,,,154.6,150.6,146.9,143.4,140,136.5,132.9,129.5,125.9,122.3,118.8,115.4,112,108.8,105.6,102.6,99.5,96.7,94,91.3,88.8,86.3,83.8,81.5,79.4,77.5,75.7,74,72.5,71,69.6,68.3,66.9,65.4,63.9,62.3,60.7,59.2,57.7,56.1,54.6,53.1,51.6,50.1,48.7,47.2,45.7,44.3,42.9,41.6,40.4,39.3
Cabo Verde,CPV,"Mortality rate, infant (per 1,000 live births)",SP.DYN.IMRT.IN,123,121.7,120.3,118.8,117.1,115.2,112.9,110.4,107.5,104.2,100.6,96.5,92.3,88.1,83.8,79.7,76,72.6,69.7,67.4,65.7,64.4,63.4,62.3,60.9,59,56.5,53.8,51,48.5,46.6,45.4,44.9,44.8,44.7,44.1,42.7,40.4,37.5,34.2,31,28.4,26.2,24.8,23.9,23.5,23.3,23.3,23.1,22.8,22.3,21.5,20.5,19.4,18.1,16.9,15.7,14.6,13.7,12.9,12.2,11.7
Costa Rica,CRI,"Mortality rate, infant (per 1,000 live births)",SP.DYN.IMRT.IN,67.8,63.1,65.2,70.4,72.7,70.2,65.8,63,62.2,61.9,60.8,58.1,53.3,47.5,42.6,38.4,33.9,28.8,24.1,20.6,19.1,18.8,19.1,19.6,19.8,19.5,18.6,17.2,15.6,14.4,14,13.8,13.4,13,12.7,12.7,12.7,12.6,12.3,11.8,11.1,10.5,10.2,10,9.9,9.9,9.8,9.7,9.5,9.3,9.1,8.9,8.6,8.2,7.9,7.7,7.6,7.5,7.4,7.2,6.7,6.2
Caribbean small states,CSS,"Mortality rate, infant (per 1,000 live births)",SP.DYN.IMRT.IN,,,,,,,,,,,,,,,,,,,,,,,,,,,,,,,28.17115163,27.35159496,26.57363968,25.89674645,25.28500499,24.66248217,24.20753253,23.62469636,23.1515546,22.75703978,22.42220349,21.95838825,21.57452615,21.20114718,20.78057941,20.37918092,20.05095301,19.79071576,19.34943599,18.94425759,18.64901509,18.26621481,17.83636935,17.48165023,17.06493058,16.6064405,16.23967884,15.90246495,15.5166734,15.37623917,14.74243928,14.37108947
Cuba,CUB,"Mortality rate, infant (per 1,000 live births)",SP.DYN.IMRT.IN,42.8,41.3,39.8,38.3,36.9,35.5,34.1,32.7,31.4,30,28.7,27.5,26.2,25,23.8,22.6,21.5,20.4,19.4,18.5,17.6,16.7,15.9,15.1,14.4,13.7,13.1,12.5,11.9,11.3,10.8,10.3,9.8,9.4,9,8.6,8.2,7.9,7.6,7.3,7,6.8,6.5,6.3,6.1,5.9,5.7,5.5,5.4,5.2,5.1,4.9,4.8,4.7,4.6,4.5,4.4,4.3,4.2,4.2,4.1,4
Curacao,CUW,"Mortality rate, infant (per 1,000 live births)",SP.DYN.IMRT.IN,,,,,,,,,,,,,,,,,,,,,,,,,,,,,,,,,,,,,,,,,,,,,,,,,,,,,,,,,,,,,,
Cayman Islands,CYM,"Mortality rate, infant (per 1,000 live births)",SP.DYN.IMRT.IN,,,,,,,,,,,,,,,,,,,,,,,,,,,,,,,,,,,,,,,,,,,,,,,,,,,,,,,,,,,,,,
Cyprus,CYP,"Mortality rate, infant (per 1,000 live births)",SP.DYN.IMRT.IN,,,,,,,,,,,,35.2,32.6,30.3,28,25.5,22.7,20.3,18.7,17.7,17.1,16.6,15.9,14.8,13.3,12,10.9,10.2,10,10,10,9.9,9.5,9.1,8.5,8,7.5,7,6.5,6.1,5.7,5.3,5,4.6,4.3,4,3.7,3.4,3.3,3.1,2.9,2.8,2.6,2.5,2.4,2.3,2.3,2.3,2.3,2.3,2.3,2.3
Czech Republic (Czechia),CZE,"Mortality rate, infant (per 1,000 live births)",SP.DYN.IMRT.IN,,,,,,,,,,,,,,,,,,,,,,13.4,13,12.7,12.5,12.2,11.9,11.5,11.1,10.7,10.3,9.9,9.3,8.6,7.9,7.1,6.4,5.8,5.2,4.8,4.5,4.3,4.1,3.9,3.7,3.5,3.4,3.2,3,2.9,2.7,2.6,2.6,2.5,2.5,2.5,2.6,2.6,2.5,2.4,2.3,2.2
Germany,DEU,"Mortality rate, infant (per 1,000 live births)",SP.DYN.IMRT.IN,,,,,,,,,23.4,22.7,22.1,21.4,20.6,19.7,18.8,17.7,16.6,15.5,14.4,13.5,12.6,11.8,11,10.4,9.8,9.2,8.7,8.3,7.8,7.4,7,6.6,6.2,5.8,5.5,5.3,5,4.8,4.7,4.5,4.4,4.3,4.2,4.1,4,3.9,3.8,3.7,3.6,3.5,3.5,3.4,3.4,3.3,3.3,3.3,3.3,3.3,3.2,3.2,3.1,3
Djibouti,DJI,"Mortality rate, infant (per 1,000 live births)",SP.DYN.IMRT.IN,,,,,,,,,,,,,,,,,129.9,126.5,123.2,119.9,117,113.9,111.1,108.1,105.3,102.6,99.9,97.5,95.3,93.4,91.6,90,88.7,87.6,86.6,85.6,84.7,83.6,82.4,81.1,79.6,78,76.4,74.6,72.9,71.1,69.4,67.6,65.9,64.2,62.5,60.8,59.3,57.6,56.1,54.5,53.1,51.7,50.3,48.7,47.2,45.9
Dominica,DMA,"Mortality rate, infant (per 1,000 live births)",SP.DYN.IMRT.IN,83.9,77.2,71.1,65.4,60.2,55.4,51,47,43.3,39.9,36.7,33.9,31.3,29,26.9,24.9,23.2,21.7,20.3,21,18,17,16.2,15.5,14.9,14.4,14,13.6,13.3,13.1,12.9,12.8,12.7,12.7,12.8,12.8,13,13.2,13.4,13.7,14.1,14.5,15,15.5,16.1,16.8,17.5,18.4,19.3,20.3,21.4,22.5,23.8,25,26.3,27.6,28.8,29.8,30.7,31.3,31.7,32
Denmark,DNK,"Mortality rate, infant (per 1,000 live births)",SP.DYN.IMRT.IN,21.3,20.8,20.2,19.5,18.8,17.9,16.9,16,15.3,14.6,13.9,13.2,12.4,11.6,10.9,10.2,9.7,9.2,8.8,8.5,8.2,8.1,7.9,7.9,7.9,8,8,8,7.9,7.7,7.4,6.9,6.5,6.1,5.7,5.4,5.2,5,4.9,4.8,4.7,4.6,4.5,4.4,4.2,4.1,3.9,3.8,3.6,3.6,3.5,3.5,3.5,3.5,3.5,3.5,3.5,3.4,3.3,3.3,3.2,3.1
Dominican Republic,DOM,"Mortality rate, infant (per 1,000 live births)",SP.DYN.IMRT.IN,101.8,101.1,100.1,99,97.5,95.9,94.1,92.4,90.6,88.8,86.9,84.8,82.5,80,77.5,75,72.5,70.1,67.9,65.7,63.6,61.6,59.7,57.8,56,54.3,52.6,50.9,49.3,47.7,46,44.4,42.8,41.2,39.6,38.1,36.7,35.4,34.3,33.3,32.5,31.8,31.2,30.6,30.2,29.9,29.6,29.4,29.2,29.1,29,28.9,28.9,28.9,28.9,28.9,28.9,28.8,28.6,28.3,27.8,27.3
Algeria,DZA,"Mortality rate, infant (per 1,000 live births)",SP.DYN.IMRT.IN,145.6,145.7,145.9,146.3,146.8,147.3,147.6,147.7,147.4,146.5,144.9,142.5,139.6,136.2,132.3,128,123.4,118.7,113.6,108.1,101.9,94.8,86.3,76.9,67.6,59.6,53.3,48.9,46.1,44.5,43.6,43.1,42.8,42.3,41.7,41,40,39,38,36.8,35.6,34.3,32.9,31.6,30.3,29,27.8,26.6,25.6,24.7,23.9,23.3,22.8,22.4,22,21.7,21.4,21,20.6,20.1,19.6,19.2
East Asia & Pacific (excluding high income),EAP,"Mortality rate, infant (per 1,000 live births)",SP.DYN.IMRT.IN,,,,,,,,,,,,,,,,,,,,,,,,,,,,,,,45.63608697,45.30162937,44.51420152,43.46830436,42.25308313,40.91391272,39.58324898,38.11567016,36.63402608,34.97141728,33.16007827,31.45905485,29.6331186,27.82394185,26.40502617,24.47302643,23.00433905,21.70074353,20.77063217,19.26766477,18.26758425,17.36147202,16.24811724,15.56843131,14.70472976,14.23997771,13.44694945,12.77930372,12.77205439,12.41994632,12.55445039,12.4730192
Early-demographic dividend,EAR,"Mortality rate, infant (per 1,000 live births)",SP.DYN.IMRT.IN,,,,,,,,,,,,,,,,,,,,,,,,,,,,,,,77.99033851,75.8759668,73.9334892,71.99231747,70.49287606,68.18051113,66.2292669,64.26725509,62.29118885,60.14625036,58.16039901,56.14835031,54.18184471,52.23800767,50.51108857,48.49420934,46.66125712,44.90051955,43.30222012,41.47534591,39.90192172,38.22169233,36.74484995,35.27176001,33.84058781,32.50700367,31.34764765,30.13179763,29.02365434,28.03563865,27.03250292,26.13546362
East Asia & Pacific,EAS,"Mortality rate, infant (per 1,000 live births)",SP.DYN.IMRT.IN,,,,,,,,,,,,,,,,,,,,,,,,,,,,,,,43.6,43,42.1,41,39.8,38.6,37.2,35.9,34.4,32.9,31.2,29.6,27.9,26.3,25,23.2,21.8,20.5,19.7,18.3,17.3,16.5,15.5,14.8,14,13.6,12.8,12.2,12.2,11.9,11.9,11.8
Europe & Central Asia (excluding high income),ECA,"Mortality rate, infant (per 1,000 live births)",SP.DYN.IMRT.IN,,,,,,,,,,,,,,,,,,,,,,,,,,,,,,,38.2315805,38.22975602,38.3869039,38.48765735,37.99810307,37.37774306,36.27422744,35.040405,33.53089634,31.95005971,29.99764395,28.12196541,26.18069404,24.33295823,22.77665899,21.41736617,20.07977449,18.7789782,17.55790922,16.52870325,15.66650924,14.83704487,13.9860185,13.3094212,12.64480472,11.95293356,11.38148348,10.95711464,10.57763069,10.29305908,9.93530323,9.572262368
Europe & Central Asia,ECS,"Mortality rate, infant (per 1,000 live births)",SP.DYN.IMRT.IN,,,,,,,,,,,,,,,,,,,,,,,,,,,,,,,24.9,24.5,24.2,23.9,23.4,22.8,21.9,20.9,19.9,18.7,17.6,16.7,15.7,14.7,13.8,13.1,12.4,11.7,11.1,10.6,10,9.6,9.2,8.9,8.5,8.2,7.8,7.5,7.2,7,6.8,6.5
Ecuador,ECU,"Mortality rate, infant (per 1,000 live births)",SP.DYN.IMRT.IN,118.6,115.4,112.5,109.8,107.3,105,102.8,100.9,99,97.3,95.4,93.2,90.7,87.9,84.7,81.3,78,74.9,72,69.2,66.4,63.6,60.7,57.9,55.2,52.6,50.2,48,46,44.1,42.3,40.5,38.7,36.8,34.9,33,31.1,29.3,27.6,26.1,24.7,23.5,22.5,21.5,20.7,20,19.2,18.5,17.7,17,16.3,15.6,14.9,14.3,13.7,13.2,12.8,12.4,12,11.5,11.1,10.7
"Egypt, Arab Rep.",EGY,"Mortality rate, infant (per 1,000 live births)",SP.DYN.IMRT.IN,213.1,206.1,199.1,192.2,186,180.5,175.8,172.1,169,166.5,164.2,161.8,158.8,155.1,150.3,144.9,139,132.9,126.6,120.5,114.7,108.9,102.8,96.6,90.2,84,78.3,73.4,69.2,65.8,62.9,60.2,57.6,54.9,52.2,49.4,46.7,44,41.5,39.3,37.2,35.3,33.6,32.1,30.7,29.4,28.3,27.1,26.1,25.1,24.1,23.1,22.3,21.4,20.6,19.9,19.2,18.6,17.9,17.3,16.8,16.2
Euro area,EMU,"Mortality rate, infant (per 1,000 live births)",SP.DYN.IMRT.IN,,,,,,,,,,,,,,,,,,,,,,,,,,,,,,,7.971688485,7.635058976,7.254234466,6.822512011,6.382709073,6.002216967,5.632629252,5.329280271,5.112619904,4.900904983,4.704172183,4.509173322,4.3362759,4.20274342,4.02475126,3.884176393,3.774142979,3.656159313,3.557718627,3.474971079,3.399957729,3.317511491,3.259757282,3.206109323,3.189939376,3.186540016,3.156417302,3.15682476,3.130119072,3.10541861,3.028974099,2.960670813
Eritrea,ERI,"Mortality rate, infant (per 1,000 live births)",SP.DYN.IMRT.IN,,,,,,,,,,,,,,,128,125.4,122.9,120.7,118.7,116.9,115.3,113.8,112.4,110.8,109.2,107.4,105.3,103,100.3,97.3,93.9,90.1,86,81.6,77.1,72.7,68.7,65,61.8,58.9,56.3,53.9,51.8,49.7,47.9,46.2,44.6,43,41.6,40.4,39.1,38,37,36,35,34,33.1,32.2,31.4,30.5,29.7,28.9
Spain,ESP,"Mortality rate, infant (per 1,000 live births)",SP.DYN.IMRT.IN,46.8,44.9,42.9,40.9,39,37.2,35.5,33.7,31.9,29.9,27.8,25.7,23.7,21.8,20.1,18.6,17.2,15.9,14.6,13.5,12.4,11.5,10.7,10.1,9.6,9.2,8.8,8.4,8.1,7.8,7.5,7.1,6.7,6.3,5.9,5.5,5.2,4.9,4.7,4.5,4.4,4.2,4.1,4.1,4,3.8,3.7,3.6,3.4,3.3,3.2,3,2.9,2.9,2.8,2.8,2.7,2.7,2.7,2.7,2.6,2.6
Estonia,EST,"Mortality rate, infant (per 1,000 live births)",SP.DYN.IMRT.IN,,,,,,,,,,,,,,,,,,,,,17.8,17.1,16.5,15.9,15.5,15.1,14.7,14.5,14.3,14.1,14,13.9,13.7,13.4,13,12.4,11.7,11,10.2,9.4,8.7,8,7.3,6.7,6.2,5.6,5.1,4.7,4.3,3.9,3.6,3.3,3.1,2.8,2.6,2.4,2.3,2.1,1.9,1.8,1.7,1.6
Ethiopia,ETH,"Mortality rate, infant (per 1,000 live births)",SP.DYN.IMRT.IN,,,,,,,146.6,146.1,145.9,145.8,145.6,145.4,145.1,145,144.7,144.4,144.1,143.8,143.4,142.6,141.5,139.9,138,135.8,133.4,131,128.7,126.4,124.2,121.9,119.5,116.9,114,110.7,107.2,103.7,100.3,96.8,93.5,90.3,87,83.7,80.2,76.7,73.1,69.5,66.1,62.8,59.8,57,54.4,51.9,49.5,47.3,45.2,43.2,41.3,39.6,38,36.6,35.4,34.3
European Union,EUU,"Mortality rate, infant (per 1,000 live births)",SP.DYN.IMRT.IN,,,,,,,,,,,,,,,,,,,,,,,,,,,,,,,10.1068124,9.657429924,9.187146942,8.720010252,8.28163869,7.783658952,7.3105025,6.899115679,6.548380694,6.209937026,5.908150062,5.642868308,5.429430042,5.260702629,5.055633597,4.87582993,4.674282114,4.472779245,4.31821442,4.174017675,4.016635514,3.862876047,3.767219973,3.656951045,3.597547555,3.547668421,3.479896932,3.442364496,3.368524342,3.311755131,3.222112817,3.145679818
Fragile and conflict affected situations,FCS,"Mortality rate, infant (per 1,000 live births)",SP.DYN.IMRT.IN,,,,,,,,,,,,,,,,,,,,,,,,,,,,,,,100.3753937,99.39342732,98.44076269,97.55062405,96.37018744,95.41009602,93.89734075,92.04019713,90.01854241,88.04504808,85.9089272,83.60312816,81.30062306,78.97627953,76.63292043,74.38991921,72.18597021,69.99287795,68.40220509,66.22509894,64.76466573,63.10841521,61.7993122,60.57893314,59.46339327,58.36274331,57.40036223,56.22638602,55.06924613,53.90725914,52.73124558,51.58472218
Finland,FIN,"Mortality rate, infant (per 1,000 live births)",SP.DYN.IMRT.IN,21.9,20.6,19.5,18.4,17.4,16.6,15.8,15,14.4,13.8,13.2,12.6,12,11.4,10.7,10.1,9.4,8.7,8.1,7.6,7.1,6.8,6.5,6.3,6.1,6,6,5.9,5.8,5.7,5.5,5.3,5,4.8,4.5,4.3,4.1,3.9,3.8,3.6,3.5,3.4,3.3,3.3,3.2,3.1,3,2.8,2.7,2.6,2.5,2.4,2.3,2.2,2.1,2,2,1.9,1.9,1.9,1.8,1.8
Fiji,FJI,"Mortality rate, infant (per 1,000 live births)",SP.DYN.IMRT.IN,58.4,56.1,54,52,50.2,48.5,47,45.9,45,44.4,44,43.8,43.7,43.4,43,42.3,41.4,40.2,38.8,37.2,35.7,34.2,32.7,31.4,30.1,29,28,27,26,25.2,24.3,23.5,22.7,22,21.3,20.8,20.3,19.9,19.6,19.4,19.2,19.2,19.2,19.3,19.5,19.8,20,20.1,20.2,20.2,20.1,20.1,20.1,20.2,20.4,20.7,21.1,21.6,22.1,22.6,23.1,23.3
France,FRA,"Mortality rate, infant (per 1,000 live births)",SP.DYN.IMRT.IN,23.6,22.4,21.4,20.4,19.4,18.6,17.8,17.2,16.5,15.8,15.1,14.3,13.6,13.1,12.7,12.3,11.9,11.4,10.9,10.5,10.1,9.8,9.4,9.1,8.8,8.5,8.3,8.1,7.9,7.7,7.5,7.1,6.7,6.2,5.7,5.3,4.9,4.6,4.4,4.3,4.1,3.9,3.7,3.6,3.4,3.3,3.3,3.2,3.2,3.2,3.1,3.1,3.1,3.1,3.1,3.2,3.2,3.3,3.4,3.4,3.4,3.4
Faroe Islands,FRO,"Mortality rate, infant (per 1,000 live births)",SP.DYN.IMRT.IN,,,,,,,,,,,,,,,,,,,,,,,,,,,,,,,,,,,,,,,,,,,,,,,,,,,,,,,,,,,,,,
Micronesia,FSM,"Mortality rate, infant (per 1,000 live births)",SP.DYN.IMRT.IN,88.3,84.9,81.7,78.6,75.7,72.9,70.2,67.6,65.1,62.8,60.6,58.7,56.7,55,53.4,52,50.7,49.5,48.5,47.6,46.8,46.2,45.8,45.2,44.7,43.9,43.1,42,40.9,39.9,38.9,38,37.3,36.6,36,35.4,34.6,33.8,32.9,32.1,31.3,30.6,31.8,29.7,29.6,29.5,29.5,29.5,29.2,28.9,28.4,27.8,27.3,26.6,25.8,25.1,24.4,23.6,23,22.2,21.6,21
Gabon,GAB,"Mortality rate, infant (per 1,000 live births)",SP.DYN.IMRT.IN,,,,,,,,,,102.5,99.7,97.1,94.5,91.9,89.3,86.9,84.5,82.1,79.8,77.5,75.3,73.2,71.2,69.3,67.6,66,64.5,63.2,62,61,60.1,59.3,58.8,58.2,57.8,57.4,56.9,56.3,55.6,54.7,53.7,52.6,51.5,50.3,49,47.8,46.6,45.1,43.9,43,41.5,40.1,38.7,37.3,36.5,35.3,34,33.2,32.2,31.2,29.8,29.4
United Kingdom,GBR,"Mortality rate, infant (per 1,000 live births)",SP.DYN.IMRT.IN,22.9,22.5,22,21.5,20.8,20.2,19.6,19.1,18.7,18.4,18,17.7,17.2,16.6,16,15.4,14.7,14.1,13.4,12.7,12.1,11.4,10.8,10.3,10,9.7,9.4,9.1,8.8,8.4,7.9,7.4,6.9,6.6,6.3,6.1,6,5.8,5.7,5.6,5.6,5.5,5.4,5.3,5.2,5.1,5,4.9,4.8,4.6,4.4,4.3,4.1,4,3.9,3.9,3.8,3.8,3.8,3.8,3.7,3.7
Georgia,GEO,"Mortality rate, infant (per 1,000 live births)",SP.DYN.IMRT.IN,,,,,,,,,,,,,,,,58.5,56.7,54.8,53.1,51.4,49.8,48.2,46.6,45.2,44,43.1,42.3,41.8,41.5,41.2,41,40.7,40.4,40,39.5,38.9,38,36.9,35.6,33.9,32.1,30,27.8,25.6,23.3,21,19,17.1,15.4,13.9,12.6,11.6,10.8,10.2,9.7,9.3,9.1,8.9,8.8,8.6,8.5,8.4
Ghana,GHA,"Mortality rate, infant (per 1,000 live births)",SP.DYN.IMRT.IN,123.6,122.4,121.5,120.9,120.5,120.3,120.3,120.5,120.7,120.7,120.5,119.8,118.6,116.8,114.5,111.9,109,106.4,104.2,102.6,101.4,100.6,99.9,98.8,97.2,95,92.2,89.2,85.9,82.8,80,77.6,75.8,74.5,73.6,72.7,71.7,70.4,68.7,66.7,64.6,62.3,60.1,58.2,56.6,55.2,53.8,52.5,51,49.2,47.4,45.6,43.8,42.2,40.6,39.2,37.9,36.7,35.6,34.5,33.5,32.6
Gibraltar,GIB,"Mortality rate, infant (per 1,000 live births)",SP.DYN.IMRT.IN,,,,,,,,,,,,,,,,,,,,,,,,,,,,,,,,,,,,,,,,,,,,,,,,,,,,,,,,,,,,,,
Guinea,GIN,"Mortality rate, infant (per 1,000 live births)",SP.DYN.IMRT.IN,209.4,207.9,206.4,204.7,203,201.4,199.4,197.7,195.7,193.8,191.7,189.7,187.8,185.6,183.4,180.9,178.4,175.6,172.6,169.7,166.7,163.8,160.9,158,155.2,152.3,149.5,146.7,143.8,140.8,137.5,134,130.4,126.7,122.9,119.1,115.3,111.6,107.9,104.2,100.6,97.1,93.8,90.6,87.8,85.3,83.1,81.2,79.6,78.1,76.8,75.6,74.5,73.4,72.9,71.9,70.2,69.2,68,66.8,65.4,63.8
"Gambia, The",GMB,"Mortality rate, infant (per 1,000 live births)",SP.DYN.IMRT.IN,153,150.3,147.5,144.9,142.4,140,137.6,135.2,132.7,130.3,127.9,125.5,123.1,120.7,118.3,115.8,113.4,111,108.6,106.4,104,101.7,99.5,97.1,94.7,92.4,90,87.7,85.5,83.4,81.2,79.2,77.2,75.1,73.1,71.1,69.1,67.2,65.3,63.5,61.7,60,58.2,56.5,54.9,53.2,51.6,50.1,48.7,47.3,45.9,44.6,43.3,42.1,41,39.8,38.7,37.7,36.7,35.8,34.9,34
Guinea-Bissau,GNB,"Mortality rate, infant (per 1,000 live births)",SP.DYN.IMRT.IN,,,,,,,,,,,,,,,,,,,,,,,,,,144.5,141.6,139,136.6,134.1,131.7,129.2,126.9,124.3,121.8,119.2,116.4,113.7,111,108.1,105.3,102.5,99.5,96.4,93,89.6,86.2,82.7,79.2,75.8,72.6,69.6,66.7,64.2,61.9,59.9,58,56.3,54.6,52.9,51.5,50
Equatorial Guinea,GNQ,"Mortality rate, infant (per 1,000 live births)",SP.DYN.IMRT.IN,,,,,,,,,,,,,,,,,,,,,,,134.6,132.2,129.6,127.3,125.5,124,122.8,121.8,120.9,120.1,119.2,118.4,117.6,116.5,115.2,113.6,111.7,109.4,106.9,104.4,101.7,98.8,96,93.2,90.2,87.2,84.4,81.7,79.1,76.7,74.3,72.1,69.9,68,66,64.1,62.2,60.4,58.8,57.2
Greece,GRC,"Mortality rate, infant (per 1,000 live births)",SP.DYN.IMRT.IN,39.5,38.8,37.8,36.5,35.2,34.2,33.2,32.3,31,29.2,26.9,25,24.1,23.9,23.7,22.9,21.8,20.7,19.5,18.2,16.9,15.8,14.9,14.1,13.5,12.7,12,11.2,10.4,9.7,9.1,8.6,8.2,8,7.7,7.4,7.1,6.8,6.4,6,5.6,5.2,4.9,4.6,4.3,4,3.8,3.6,3.5,3.4,3.4,3.5,3.5,3.6,3.8,3.8,3.9,3.8,3.7,3.5,3.4,3.3
Grenada,GRD,"Mortality rate, infant (per 1,000 live births)",SP.DYN.IMRT.IN,67.1,62.2,57.4,53.1,49.4,46.5,44.4,42.9,41.7,40.8,39.9,39.1,38.1,37.2,36.2,35.1,34,32.8,31.5,30.2,28.9,27.5,26.2,25,23.8,22.6,21.6,20.6,19.6,18.7,17.8,17,16.1,15.4,14.7,14.2,13.7,13.4,13.1,13,12.8,12.8,12.8,12.8,12.8,12.9,12.9,13,13.1,13.2,13.3,13.5,13.7,13.9,14.1,14.2,14.4,14.5,14.6,14.6,14.6,14.4
Greenland,GRL,"Mortality rate, infant (per 1,000 live births)",SP.DYN.IMRT.IN,,,,,,,,,,,,,,,,,,,,,,,,,,,,,,,,,,,,,,,,,,,,,,,,,,,,,,,,,,,,,,
Guatemala,GTM,"Mortality rate, infant (per 1,000 live births)",SP.DYN.IMRT.IN,148.1,144.7,141.4,138.2,135,131.8,128.8,125.6,122.4,119.2,116.2,113.1,110,106.9,103.9,100.8,104.9,94.8,91.8,88.9,86,83.1,88.8,77.5,74.7,72,69.3,66.8,64.3,61.8,59.5,57.3,55.1,53.1,51.1,49.2,47.4,45.7,44,42.5,41,39.5,38.2,36.9,35.6,34.4,33.2,32,30.8,29.7,28.7,27.6,26.6,25.6,24.6,23.8,23,22.2,21.5,20.8,20.2,19.6
Guam,GUM,"Mortality rate, infant (per 1,000 live births)",SP.DYN.IMRT.IN,,,,,,,,,,,,,,,,,,,,,,,,,,,,,,,,,,,,,,,,,,,,,,,,,,,,,,,,,,,,,,
Guyana,GUY,"Mortality rate, infant (per 1,000 live births)",SP.DYN.IMRT.IN,66.9,64.5,62.4,60.6,59.2,58.1,57.2,56.5,56,55.6,55.3,55.1,55.1,54.9,54.8,54.6,54.4,54.1,53.8,53.4,53.1,52.7,52.2,51.8,51.3,50.8,50.2,49.5,48.8,47.9,46.9,45.9,44.8,43.7,42.7,41.7,40.7,39.8,38.9,38,37.1,36.3,35.5,34.8,34.1,33.4,32.8,32.2,31.6,31,30.5,30,29.4,28.8,28.1,27.4,26.7,26,25.3,24.6,23.9,23.2
High income,HIC,"Mortality rate, infant (per 1,000 live births)",SP.DYN.IMRT.IN,,,,,,,,,,,,,,,,,,,,,,,,,,,,,,,10.6,10.1,9.7,9.2,8.8,8.4,8,7.6,7.3,7.1,6.8,6.6,6.4,6.3,6.1,5.9,5.8,5.6,5.5,5.3,5.1,5,4.9,4.8,4.7,4.6,4.5,4.5,4.4,4.3,4.2,4.1
"Hong Kong SAR, China",HKG,"Mortality rate, infant (per 1,000 live births)",SP.DYN.IMRT.IN,,,,,,,,,,,,,,,,,,,,,,,,,,,,,,,,,,,,,,,,,,,,,,,,,,,,,,,,,,,,,,
Honduras,HND,"Mortality rate, infant (per 1,000 live births)",SP.DYN.IMRT.IN,139.8,135.4,131.2,127.1,123.1,119.2,115.5,111.9,108.2,104.6,101.1,97.5,94.1,90.7,96.6,84,80.8,77.7,74.6,71.6,68.7,65.9,63.2,60.6,58.1,55.7,53.5,51.3,49.2,47.2,45.2,43.4,41.7,40.1,38.5,37.1,35.7,34.3,41.8,31.8,30.6,29.4,28.2,27.1,26,25.1,24.1,23.2,22.4,21.6,20.9,20.1,19.5,18.8,18.2,17.5,16.9,16.3,15.8,15.2,14.7,14.2
Heavily indebted poor countries (HIPC),HPC,"Mortality rate, infant (per 1,000 live births)",SP.DYN.IMRT.IN,,,,,,,,,,,,,,,,,,,,,,,,,,,,,,,108.7460792,107.0680949,105.5122308,104.0137508,103.5228477,100.4776842,98.54695714,96.42949728,94.17158265,91.45191539,88.62532591,85.60378906,82.51865904,79.45631441,76.43502773,73.56476873,70.96984268,68.44503013,66.17106746,64.05510146,62.30473366,60.20377412,58.38853604,56.66803612,55.11540522,53.63495821,52.16122034,50.73556861,49.37361655,48.11939055,46.92066224,45.80292036
Croatia,HRV,"Mortality rate, infant (per 1,000 live births)",SP.DYN.IMRT.IN,,,,,,,,,,,,,,,,,,,,,,20.7,19.4,18.2,17,15.9,14.8,13.8,12.8,12,11.2,11.3,10,9.5,9,8.7,8.3,8,7.7,7.4,7.2,6.9,6.6,6.3,6,5.8,5.5,5.3,5,4.8,4.7,4.5,4.4,4.3,4.2,4.2,4.1,4.1,4,4,4,3.9
Haiti,HTI,"Mortality rate, infant (per 1,000 live births)",SP.DYN.IMRT.IN,194.1,191,187.9,184.8,181.7,178.8,175.7,172.4,169.1,165.8,162.4,159.1,155.6,152,148.4,145,141.6,138.2,134.9,131.7,128.5,125.3,122.1,119.2,116.3,113.5,110.8,108.2,105.5,102.9,100.4,97.8,95.1,92.5,89.8,87.1,84.5,81.8,79.3,76.8,74.4,72.3,70.2,68.4,66.8,65.3,63.9,62.6,61.3,60.1,76.3,57.7,56.6,55.4,54.1,53,51.7,50.5,49.2,48,46.7,45.4
Hungary,HUN,"Mortality rate, infant (per 1,000 live births)",SP.DYN.IMRT.IN,47.9,45.4,43.7,42.4,41.3,40,38.8,37.8,36.9,35.9,35,34.4,34.7,35.1,34.4,32.1,29.2,26.6,24.5,22.7,21.3,20.4,19.9,19.7,19.6,19.3,18.7,17.6,16.4,15.6,15.2,14.7,13.8,12.6,11.6,10.8,10.3,9.9,9.5,9.1,8.7,8.2,7.6,7.1,6.7,6.4,6.1,5.8,5.5,5.2,5.1,4.9,4.8,4.7,4.5,4.2,4,3.7,3.5,3.4,3.4,3.3
IBRD only,IBD,"Mortality rate, infant (per 1,000 live births)",SP.DYN.IMRT.IN,,,,,,,,,,,,,,,,,,,,,,,,,,,,,,,57.46619948,57.12889663,56.13950919,54.91559121,53.59600994,52.22827273,50.77753426,49.23570058,47.71503374,46.01124522,44.2333269,42.66842713,40.86018903,39.07043549,37.39344406,35.50351998,33.76376882,32.09768963,30.42569917,28.91327914,27.51682592,26.15988546,24.63521319,23.55871248,22.24584971,21.42905328,20.44359571,19.44351632,19.05923093,18.39000034,17.99275037,17.54504786
IDA & IBRD total,IBT,"Mortality rate, infant (per 1,000 live births)",SP.DYN.IMRT.IN,,,,,,,,,,,,,,,,,,,,,,,,,,,,,,,70.20561952,70.18774026,69.38971474,68.38601502,67.41124597,66.00029429,64.67059658,63.17341137,61.61929664,59.88605545,57.88968462,56.15860969,54.24249413,52.33297274,50.45150407,48.4745855,46.66967561,44.90305951,43.23812947,41.63220156,40.31098065,38.95799565,37.40619034,36.40299048,35.18033475,34.39626864,33.35965629,32.40115859,32.07660973,31.48854101,31.18454161,30.70507426
IDA total,IDA,"Mortality rate, infant (per 1,000 live births)",SP.DYN.IMRT.IN,,,,,,,,,,,,,,,,,,,,,,,,,,,,,,,102.7284277,101.1605983,99.65753754,98.1935405,97.11065015,94.80268147,92.92340986,90.79974253,88.56265494,86.09250141,83.53411819,80.84974289,78.19973217,75.64738837,73.17301342,70.74544786,68.54582382,66.38004776,64.64815158,62.73976319,61.22921533,59.64080537,58.20957482,56.82433274,55.53807448,54.24620327,52.9794417,51.68750885,50.34911274,49.09597966,47.90343562,46.77433444
IDA blend,IDB,"Mortality rate, infant (per 1,000 live births)",SP.DYN.IMRT.IN,,,,,,,,,,,,,,,,,,,,,,,,,,,,,,,102.8237248,102.1323522,101.4105337,100.6728698,99.73172165,98.54121172,97.0459483,95.28908038,93.33105865,91.24571694,89.13566285,86.89148741,84.72977234,82.71576419,80.63625672,78.61881155,76.70555999,74.79337493,72.99754758,71.50837119,70.07142502,68.83515991,67.4631288,66.16211477,64.88526254,63.55094443,62.36646092,61.1257094,59.57474165,58.21716321,56.79798498,55.42598002
Indonesia,IDN,"Mortality rate, infant (per 1,000 live births)",SP.DYN.IMRT.IN,149.4,145.5,141.8,138.2,134.6,144.7,127.4,123.7,120.1,116.7,113.4,110.1,106.9,103.8,100.8,97.9,95.2,92.5,90,87.6,85.2,82.8,80.5,78.2,75.9,73.5,71.2,68.9,66.6,64.2,61.8,59.4,57.1,54.8,52.6,50.5,48.4,46.4,44.6,42.8,41,39.4,37.8,36.4,37.1,33.6,32.4,31.2,30.1,29,27.9,26.9,25.9,25,24.1,23.2,22.4,21.6,20.8,20.1,19.5,18.9
IDA only,IDX,"Mortality rate, infant (per 1,000 live births)",SP.DYN.IMRT.IN,,,,,,,,,,,,,,,,,,,,,,,,,,,,,,,102.6809118,100.6717364,98.77144305,96.95195091,95.79777807,92.93735403,90.86383401,88.56584913,86.18319805,83.50845773,80.7152188,77.78089131,74.86435144,72.04935162,69.37307312,66.72694644,64.37268201,62.02604515,60.27804657,58.115909,56.5393673,54.74452299,53.28254302,51.87410033,50.61224492,49.38352498,48.09271324,46.79526018,45.58984554,44.42363523,43.36017011,42.3855176
Isle of Man,IMN,"Mortality rate, infant (per 1,000 live births)",SP.DYN.IMRT.IN,,,,,,,,,,,,,,,,,,,,,,,,,,,,,,,,,,,,,,,,,,,,,,,,,,,,,,,,,,,,,,
India,IND,"Mortality rate, infant (per 1,000 live births)",SP.DYN.IMRT.IN,161.9,159.6,157.5,155.5,153.7,152,150.3,148.7,147.1,145.4,143.5,141.6,139.5,137.2,134.6,131.9,128.7,125.4,121.9,118.5,115.2,112,109.1,106.3,103.7,101.2,98.7,96.2,93.6,91.2,88.8,86.5,84.3,82.2,80.1,78,75.8,73.5,71.3,68.9,66.7,64.4,62.1,59.9,57.8,55.7,53.6,51.5,49.3,47.2,45.1,42.9,40.9,38.8,36.9,35,33.2,31.5,29.8,28.3,26.8,25.5
Not classified,INX,"Mortality rate, infant (per 1,000 live births)",SP.DYN.IMRT.IN,,,,,,,,,,,,,,,,,,,,,,,,,,,,,,,,,,,,,,,,,,,,,,,,,,,,,,,,,,,,,,
Ireland,IRL,"Mortality rate, infant (per 1,000 live births)",SP.DYN.IMRT.IN,30.4,29.2,28.1,27.1,26,24.7,23.4,22,20.8,19.8,19.1,18.6,18.3,17.9,17.5,16.9,16.1,15.2,14.1,13,12,11,10.3,9.7,9.3,8.9,8.6,8.4,8.2,8,7.6,7.2,6.8,6.4,6.2,6.1,6.1,6.1,6.1,6.1,6,5.8,5.5,5.1,4.7,4.4,4.1,3.9,3.8,3.6,3.5,3.5,3.4,3.3,3.3,3.2,3.1,3,2.9,2.9,2.8,2.7
"Iran, Islamic Rep.",IRN,"Mortality rate, infant (per 1,000 live births)",SP.DYN.IMRT.IN,,,,,,,,,,,,127.4,121.7,116.4,111.1,105.7,100,94.1,88.3,82.6,77,71.8,67.2,63.2,59.8,56.7,54,51.4,49,46.6,44.5,42.6,40.8,39.3,37.9,36.5,35.2,33.8,32.5,31,29.6,28.1,26.6,25.1,23.6,22.2,20.9,19.6,18.5,17.4,16.5,15.7,15.1,14.4,13.9,13.4,12.9,12.4,12,11.6,11.2,10.9
Iraq,IRQ,"Mortality rate, infant (per 1,000 live births)",SP.DYN.IMRT.IN,128.5,121.8,115.7,110.1,104.9,100,95.5,91.3,87.4,83.8,80.3,77.1,74,71.1,68.3,65.6,63.1,60.7,58.5,56.5,54.6,52.9,51.3,49.8,48.4,47.1,45.9,44.9,43.9,43,42.3,41.5,40.8,40.2,39.5,38.9,38.2,37.6,36.9,36.3,35.6,35,34.3,33.7,33.1,32.4,31.7,31,30.3,29.5,28.7,27.9,27.1,26.3,25.6,24.8,24.1,23.4,22.7,22.1,21.4,20.7
Iceland,ISL,"Mortality rate, infant (per 1,000 live births)",SP.DYN.IMRT.IN,17.3,17,16.7,16.3,15.9,15.4,14.9,14.4,13.8,13.3,12.8,12.4,11.9,11.4,10.9,10.3,9.8,9.2,8.7,8.2,7.8,7.3,6.9,6.6,6.3,6.1,5.8,5.6,5.5,5.3,5.1,4.9,4.8,4.6,4.4,4.2,4,3.8,3.6,3.4,3.2,3,2.8,2.7,2.6,2.4,2.4,2.3,2.2,2.2,2.1,2.1,2.1,2.1,2.1,2.1,2.1,2.1,2.1,2.1,2.1,2.1
Israel,ISR,"Mortality rate, infant (per 1,000 live births)",SP.DYN.IMRT.IN,34.4,32.7,31,29.5,28.2,27.1,26.3,25.7,25.2,24.8,24.4,24,23.7,23.3,22.7,21.7,20.3,18.7,17.4,16.3,15.4,14.7,14.1,13.5,12.9,12.2,11.5,11,10.5,10.1,9.7,9.2,8.7,8.2,7.6,7.1,6.7,6.3,6.1,5.8,5.6,5.4,5.2,4.9,4.7,4.5,4.3,4.1,3.9,3.8,3.7,3.5,3.4,3.3,3.2,3.2,3.1,3,2.9,2.8,2.8,2.7
Italy,ITA,"Mortality rate, infant (per 1,000 live births)",SP.DYN.IMRT.IN,44.2,42.6,40.9,39.1,37.4,35.8,34.3,33.1,32,30.9,29.7,28.2,26.5,24.5,22.5,20.5,18.7,17.3,16.1,15.1,14.2,13.4,12.7,11.9,11.2,10.5,9.9,9.4,9,8.7,8.4,8.1,7.7,7.3,6.8,6.4,6,5.6,5.3,5,4.7,4.5,4.3,4.1,3.9,3.8,3.7,3.6,3.5,3.4,3.4,3.3,3.2,3.1,3.1,3,2.9,2.8,2.7,2.6,2.4,2.2
Jamaica,JAM,"Mortality rate, infant (per 1,000 live births)",SP.DYN.IMRT.IN,60.7,58.5,56.4,54.5,52.7,51.1,49.5,48,46.5,45,43.5,42.1,40.6,39.3,37.9,36.7,35.5,34.4,33.4,32.3,31.4,30.4,29.5,28.7,27.8,27,26.2,25.5,24.8,24.1,23.5,22.9,22.3,21.7,21.1,20.5,20,19.4,18.9,18.4,17.9,17.4,17.1,16.8,16.5,16.2,16,15.8,15.5,15.2,14.8,14.5,14.1,13.7,13.3,12.9,12.5,12.2,11.8,11.4,11,10.7
Jordan,JOR,"Mortality rate, infant (per 1,000 live births)",SP.DYN.IMRT.IN,106.7,101.2,96,91.1,86.5,82.3,78.4,74.8,71.4,68.3,65.3,62.5,59.9,57.4,55.1,52.9,50.7,48.7,46.8,44.9,43.1,41.4,39.7,38.1,36.6,35.2,33.9,32.7,31.5,30.5,29.5,28.6,27.8,27,26.3,25.6,25,24.4,23.8,23.2,22.6,22,21.4,20.8,20.3,19.7,19.2,18.7,18.2,17.7,17.2,16.8,16.3,15.9,15.5,15,14.6,14.2,13.8,13.4,12.9,12.6
Japan,JPN,"Mortality rate, infant (per 1,000 live births)",SP.DYN.IMRT.IN,30.4,27.9,25.5,23.1,21,19.1,17.6,16.3,15.1,14.2,13.4,12.6,11.9,11.2,10.6,10,9.4,8.8,8.3,7.8,7.4,7,6.5,6.2,5.8,5.5,5.2,5,4.8,4.7,4.6,4.5,4.4,4.4,4.2,4.1,4,3.8,3.6,3.4,3.3,3.1,3,2.9,2.8,2.8,2.7,2.6,2.5,2.4,2.3,2.3,2.2,2.1,2.1,2,2,1.9,1.9,1.8,1.8,1.7
Kazakhstan,KAZ,"Mortality rate, infant (per 1,000 live births)",SP.DYN.IMRT.IN,,,,,,,,,,,,68.7,67.3,65.9,64.6,63.5,62.5,61.5,60.6,59.4,58.1,56.6,55,53.3,51.6,50,48.5,47.1,45.8,44.7,44,43.8,44,44.5,44.9,44.7,44,42.7,40.9,38.9,36.8,34.7,32.6,30.8,29.1,27.4,25.6,23.8,21.9,20,18.2,16.3,14.6,13,11.6,10.6,9.8,9.4,9.1,9.1,9.1,9.1
Kenya,KEN,"Mortality rate, infant (per 1,000 live births)",SP.DYN.IMRT.IN,117.5,113.2,109.4,106.2,103.5,101.3,99.4,97.7,96,94.3,92.5,90.6,88.6,86.5,84.3,82,79.7,77.3,74.9,72.6,70.5,68.5,66.8,65.2,64,63.1,62.6,62.5,63,63.9,65,66.2,67.2,67.7,67.6,67.1,66.2,65.1,63.6,61.8,59.8,57.5,55,52.6,50.2,47.4,45,43,40.5,39.4,38.5,37.5,37.1,36,34.7,33.1,32.2,31.6,30.6,29.7,29,28
Kyrgyzstan,KGZ,"Mortality rate, infant (per 1,000 live births)",SP.DYN.IMRT.IN,,,,,,,,,,,,,,,,87.9,86.4,85,83.3,81.5,79.3,76.8,74.1,71.1,68.1,64.9,61.8,59,56.5,54.7,53.7,53.6,53.9,54,53.7,52.7,51,49,46.8,44.7,42.5,40.6,38.7,37,35.5,34.1,32.8,31.3,29.6,27.8,26.1,24.5,23.1,21.9,20.9,19.8,18.8,17.8,17,16.3,15.9,15.6
Cambodia,KHM,"Mortality rate, infant (per 1,000 live births)",SP.DYN.IMRT.IN,,,,,,,,,,,,,,,,178.9,166.7,155.2,142.5,129.3,116.9,105.9,97.5,92,88.6,86.7,85.6,85.1,84.9,84.9,84.9,84.8,85,85.4,86,86.6,86.9,86.6,85.6,83.2,79.2,73.6,67.4,61.9,57,52.9,49.4,46.2,43.2,40.2,37.4,34.7,32.3,30.3,28.7,27.3,26,24.9,23.9,23,22.1,21.3
Kiribati,KIR,"Mortality rate, infant (per 1,000 live births)",SP.DYN.IMRT.IN,133.9,130.8,127.4,123.6,119.6,115.8,111.9,108,104.5,101,97.8,94.9,92.4,90.4,88.9,87.8,87,86.4,85.7,85,84,83,81.9,80.6,79.1,77.4,75.6,73.5,71.3,68.9,66.6,64.3,62.3,60.4,58.7,57.3,56.1,54.9,53.8,52.6,51.5,50.5,49.8,49.4,49.2,49.3,49.5,49.8,49.9,49.7,49.3,48.5,47.7,46.8,45.7,44.7,43.7,42.6,41.5,40.4,39.4,38.3
St. Kitts and Nevis,KNA,"Mortality rate, infant (per 1,000 live births)",SP.DYN.IMRT.IN,,,,,,,,,,,,,56.7,54.5,52.5,50.6,48.9,47.2,45.6,43.8,41.8,39.6,37.4,35.2,33.1,31.2,29.5,28.2,27,26.1,25.4,24.8,24.4,24,23.7,23.3,22.8,22.2,21.5,20.8,19.9,19,18.1,17.3,16.5,16,15.5,15.2,14.9,14.7,14.6,14.6,14.6,14.5,14.4,14.2,13.9,13.6,13.3,13,12.6,12.3
South Korea,KOR,"Mortality rate, infant (per 1,000 live births)",SP.DYN.IMRT.IN,79.5,76.1,73.1,70,66.9,63.7,60.3,56.9,53.6,50.3,47.2,44.4,42,39.9,38.1,36.7,35.3,34,32.7,31.2,29.7,28,26.2,24.4,22.6,20.8,19.1,17.4,15.9,14.6,13.4,12.4,11.4,10.5,9.7,9,8.3,7.8,7.3,6.8,6.4,6.1,5.8,5.5,5.1,4.8,4.4,4.1,3.9,3.7,3.5,3.4,3.3,3.2,3.1,3,2.9,2.8,2.8,2.7,2.6,2.5
Kuwait,KWT,"Mortality rate, infant (per 1,000 live births)",SP.DYN.IMRT.IN,98.5,92.5,86.7,81.3,76.1,71.3,66.8,62.9,59.2,56,53,50.3,47.6,45.1,42.7,40.3,38.1,35.9,33.7,31.7,29.5,27.3,25,22.9,21.1,19.5,18.3,17.2,16.2,15,14.7,13.2,12.7,12.5,12.4,12.3,12.1,11.9,11.6,11.3,11,10.8,10.6,10.5,10.3,10.1,10,9.8,9.7,9.5,9.2,8.9,8.5,8.2,8,7.8,7.7,7.6,7.6,7.6,7.5,7.5
Latin America & Caribbean (excluding high income),LAC,"Mortality rate, infant (per 1,000 live births)",SP.DYN.IMRT.IN,,,,,,,,,,,,,,,,,,,,,,,,,,,,,,,45.53904204,43.81017433,41.96981772,40.19141646,38.33623511,36.57299315,34.85046481,33.11615108,31.76110792,29.98871116,28.60251453,27.25380276,25.95500885,24.76508443,23.66508297,22.62547152,21.69826167,20.81436319,19.97705109,19.25959525,19.04623168,17.90229365,17.31215293,16.7541784,16.2783208,15.81769391,15.77952552,15.04178899,14.60319097,14.24763663,13.82212228,13.44551869
Laos,LAO,"Mortality rate, infant (per 1,000 live births)",SP.DYN.IMRT.IN,,,,,,,,,,,,,,,,,,,145.8,141.9,138.3,134.7,131.2,128,124.8,121.6,118.5,115.5,112.3,109.2,106,102.9,99.7,96.4,93.3,90.3,87.4,84.6,81.8,79.2,76.6,74,71.3,68.7,66.1,63.6,61.1,58.6,56.2,54,51.8,49.7,47.7,45.7,43.8,42.1,40.5,39.1,37.7,36.6,35.4,34.2
Lebanon,LBN,"Mortality rate, infant (per 1,000 live births)",SP.DYN.IMRT.IN,56.3,54.7,53.2,51.8,50.6,49.6,48.8,48.1,47.5,47.1,46.7,46.4,46.1,45.8,45.4,44.8,44.1,43.3,42.3,41.3,40.2,39,37.7,36.3,34.9,33.4,32,30.5,29.2,27.9,26.7,25.6,24.5,23.5,22.5,21.6,20.7,19.8,18.9,18.1,17.2,16.3,15.4,14.5,13.6,12.7,12,11.3,10.7,10.1,9.7,9.2,8.9,8.6,8.3,8.1,7.9,7.7,7.6,7.4,7.2,7.1
Liberia,LBR,"Mortality rate, infant (per 1,000 live births)",SP.DYN.IMRT.IN,209.6,210.1,209.9,209.3,208.1,206.5,204.4,201.8,198.8,195.3,191.9,188.5,185.3,182.1,178.7,175.5,172.5,169.6,167.1,164.7,162.5,160.7,159.3,158.5,158.6,159.8,162.2,165.6,169.4,173.1,175.8,177.3,176.8,174.4,170.3,164.8,158.3,151,143.5,135.7,127.6,119.5,111.7,104.2,97.1,90.7,85.3,80.9,77.2,74.3,71.9,69.9,68.3,66.9,67.8,64.6,63.2,62.1,60.9,59.6,58.2,56.7
Libya,LBY,"Mortality rate, infant (per 1,000 live births)",SP.DYN.IMRT.IN,162.4,154.2,146.4,138.9,131.7,124.8,118.2,111.9,105.9,100.4,95.1,90.1,85.3,80.7,76.4,72.4,68.8,65.5,62.5,59.7,57.1,54.7,52.4,50.1,47.9,45.8,43.6,41.5,39.5,37.5,35.7,33.9,32.3,30.9,29.6,28.5,27.4,26.5,25.6,24.9,24.1,23.4,22.7,21.9,21,19.8,18.6,17.3,16.1,15.1,14.2,15,12.9,12.3,11.8,11.4,10.9,10.6,10.2,9.9,9.5,9.2
St. Lucia,LCA,"Mortality rate, infant (per 1,000 live births)",SP.DYN.IMRT.IN,110.8,106.3,100.9,95,88.8,82.5,76.2,70.1,64.3,58.9,53.9,49.3,45.2,41.5,38.2,35.3,32.7,30.5,28.5,26.8,25.3,24.1,23,22,21.2,20.5,19.8,19.2,18.7,18.2,17.8,17.4,17.1,16.8,16.5,16.3,16.1,15.9,15.8,15.7,15.6,15.6,15.7,15.7,15.9,16,16.2,16.4,16.7,17,17.3,17.7,18.1,18.6,19.1,19.6,20.1,20.7,21.2,21.7,22.1,22.4
Latin America & Caribbean,LCN,"Mortality rate, infant (per 1,000 live births)",SP.DYN.IMRT.IN,,,,,,,,,,,,,,,,,,,,,,,,,,,,,,,43.5,41.8,40.1,38.4,36.7,35.1,33.5,31.9,30.5,28.9,27.5,26.3,25,23.9,22.9,21.9,21,20.1,19.4,18.7,18.5,17.4,16.9,16.4,16,15.6,15.8,15.1,14.8,14.4,14,13.6
Least developed countries: UN classification,LDC,"Mortality rate, infant (per 1,000 live births)",SP.DYN.IMRT.IN,,,,,,,,,,,,,,,,,,,,,,,,,,,,,,,108.5288798,106.406766,104.3743228,102.3789897,101.141244,98.05884357,95.85291665,93.39644948,90.80600289,88.08949653,85.16492947,82.12430701,79.04336627,76.03339091,73.1015278,70.34575131,67.79891239,65.29859874,63.4487772,60.98380491,59.27844142,57.27844852,55.52410764,53.8693937,52.39815881,51.04332487,49.61975892,48.28776984,47.00842479,45.81030368,44.69175221,43.6749059
Low income,LIC,"Mortality rate, infant (per 1,000 live births)",SP.DYN.IMRT.IN,,,,,,,,,,,,,,,,,,,,,,,,,,,,,,,110.5,108.8,107.2,105.6,105.2,101.8,99.8,97.6,95.1,92.4,89.5,86.3,83.2,80,76.9,74,71.3,68.7,66.3,64.2,62.4,60.6,59.1,57.6,56.3,55,53.6,52.1,50.9,49.6,48.5,47.4
Liechtenstein,LIE,"Mortality rate, infant (per 1,000 live births)",SP.DYN.IMRT.IN,,,,,,,,,,,,,,,,,,,,,,,,,,,,,,,,,,,,,,,,,,,,,,,,,,,,,,,,,,,,,,
Sri Lanka,LKA,"Mortality rate, infant (per 1,000 live births)",SP.DYN.IMRT.IN,68.1,65.4,63.6,62.3,61.1,59.7,58.1,56.4,54.9,53.8,53,52.4,51.9,51.3,50.3,49,47.1,44.8,42.1,39.4,36.8,34.6,32.4,30.1,27.6,25.2,23,21.3,20.2,21.2,19.4,19.1,18.7,18.2,17.6,17,16.4,15.9,15.3,14.7,14.2,13.8,13.4,13,17.6,12.1,11.5,10.8,10.3,13.6,9.6,9.3,8.9,8.4,8,7.5,7.1,6.8,6.5,6.2,6,5.8
Lower middle income,LMC,"Mortality rate, infant (per 1,000 live births)",SP.DYN.IMRT.IN,,,,,,,,,,,,,,,,,,,,,,,,,,,,,,,83.1,81.3,79.6,78,76.6,75,73.3,71.4,69.5,67.5,65.4,63.3,61.3,59.3,57.5,55.4,53.5,51.7,50.1,48.4,46.8,45.2,43.6,42.2,40.8,39.5,38.3,37.2,36.1,35.1,34,33
Low & middle income,LMY,"Mortality rate, infant (per 1,000 live births)",SP.DYN.IMRT.IN,,,,,,,,,,,,,,,,,,,,,,,,,,,,,,,70.73121717,70.74505489,69.94773294,68.94603924,67.98037498,66.55124309,65.22297239,63.71104988,62.13477376,60.37219261,58.34628213,56.58565533,54.63664964,52.70477628,50.80642524,48.82308794,47.01237249,45.23707634,43.56512364,41.94313889,40.6066221,39.224063,37.6510206,36.62976182,35.39642518,34.59685428,33.53195168,32.56749904,32.23652536,31.63735148,31.32686842,30.83932269
Lesotho,LSO,"Mortality rate, infant (per 1,000 live births)",SP.DYN.IMRT.IN,139.1,138.7,138.9,139.7,140.5,141,141,140.2,138.6,136.5,134.1,131.4,128.5,125.5,122.2,118.4,114,109.5,104.9,100.3,95.7,91.3,87.2,83.5,80.2,77.3,74.8,72.6,70.7,69.1,67.8,66.9,66.5,66.6,67.1,67.5,67.5,67.3,67.4,67.7,68.3,68.8,69.3,70,71.1,72.3,72.5,71.2,73.8,70.1,67,64.5,64.8,64.9,63.8,63.2,63,62,60.8,60,58.4,57
Late-demographic dividend,LTE,"Mortality rate, infant (per 1,000 live births)",SP.DYN.IMRT.IN,,,,,,,,,,,,,,,,,,,,,,,,,,,,,,,40.37714091,39.55373669,38.80109705,37.85862014,36.65477501,35.38136751,34.00621707,32.51580915,31.03427408,29.3654866,27.71551007,25.8561196,24.0234076,22.24639996,20.66960335,19.10277043,17.69137848,16.44545002,15.27542371,14.32506359,13.38097637,12.5729262,11.76539072,11.07598488,10.40572157,9.881225311,9.389685115,8.788366757,8.502925984,8.171449266,8.008548127,7.806131656
Lithuania,LTU,"Mortality rate, infant (per 1,000 live births)",SP.DYN.IMRT.IN,,,,,,,,21.4,20.7,19.6,18.1,16.8,16.3,16.8,17.5,17.9,17.8,17.4,17,16.6,16.1,15.6,15.1,14.7,14.3,13.7,12.9,12,11.3,11.1,11.9,13.3,14.3,14.2,13.3,12,10.7,9.8,9.3,8.9,8.6,8.2,7.9,7.7,7.5,7.2,6.9,6.5,5.9,5.4,4.9,4.5,4.2,4.1,4.1,4,3.8,3.6,3.3,3.1,2.9,2.7
Luxembourg,LUX,"Mortality rate, infant (per 1,000 live births)",SP.DYN.IMRT.IN,32,30.3,28.7,27.1,25.7,24.4,23.2,22.1,21,19.9,18.9,17.8,16.8,15.8,14.9,14,13.3,12.7,12.1,11.6,11.2,10.8,10.5,10.1,9.8,9.4,9,8.6,8.2,7.8,7.4,6.9,6.5,6.1,5.6,5.3,4.9,4.6,4.3,4,3.8,3.5,3.3,3.1,2.9,2.8,2.6,2.5,2.5,2.4,2.3,2.3,2.3,2.3,2.3,2.3,2.3,2.3,2.3,2.3,2.3,2.2
Latvia,LVA,"Mortality rate, infant (per 1,000 live births)",SP.DYN.IMRT.IN,,,,,,,,,,,,,,,,,,,,15.2,15.3,15.3,15.1,14.7,14.1,13.2,12.4,11.9,11.8,12.2,13.1,14.2,15.2,15.7,15.8,15.6,15.2,14.4,13.3,12.3,11.5,10.8,10.3,9.7,9.1,8.6,8.1,7.7,7.3,6.9,6.5,6.1,5.6,5.1,4.6,4.3,4,3.8,3.6,3.4,3.3,3.2
"Macao SAR, China",MAC,"Mortality rate, infant (per 1,000 live births)",SP.DYN.IMRT.IN,,,,,,,,,,,,,,,,,,,,,,,,,,,,,,,,,,,,,,,,,,,,,,,,,,,,,,,,,,,,,,
St. Martin (French part),MAF,"Mortality rate, infant (per 1,000 live births)",SP.DYN.IMRT.IN,,,,,,,,,,,,,,,,,,,,,,,,,,,,,,,,,,,,,,,,,,,,,,,,,,,,,,,,,,,,,,
Morocco,MAR,"Mortality rate, infant (per 1,000 live births)",SP.DYN.IMRT.IN,146,143.8,141.5,139.1,136.6,134,131.4,128.7,126.1,123.7,121.5,119.5,117.5,115.5,113.2,110.7,107.8,104.6,101.2,97.8,94.3,90.9,87.5,84.1,80.7,77.4,74.2,71.2,68.5,65.9,63.6,61.3,59.2,57.1,55,53,51.1,49.2,47.4,45.7,44,42.3,40.6,38.9,37.2,35.4,33.6,31.8,30.1,28.4,26.9,25.4,24,22.7,21.4,20.3,19.2,18.3,17.5,16.7,16.1,15.4
Monaco,MCO,"Mortality rate, infant (per 1,000 live births)",SP.DYN.IMRT.IN,,,,,,,,,,,,,,,,,,,,,,,,,,5.7,5.3,4.9,4.6,4.3,4.1,3.8,3.6,3.5,3.3,3,2.8,2.5,2.3,2.1,1.9,1.8,1.6,1.5,1.5,1.4,1.4,1.3,1.3,1.3,1.2,1.2,1.2,1.2,1.1,1.1,1.1,1.1,1,1,1,1
Moldova,MDA,"Mortality rate, infant (per 1,000 live births)",SP.DYN.IMRT.IN,,,,,,,,,,,,49.4,48.1,46.9,45.7,44.5,43.4,42.3,41.3,40.4,39.4,38.4,37.2,35.8,34.2,32.7,31.3,29.8,28.7,27.9,27.6,27.8,28.6,29.6,30.7,31.4,31.6,31.1,30,28.3,26.1,23.8,21.6,19.7,18.1,17,16.1,15.6,15.2,14.9,14.7,14.5,14.2,14,13.8,13.6,13.4,13.1,12.9,12.7,12.5,12.2
Madagascar,MDG,"Mortality rate, infant (per 1,000 live births)",SP.DYN.IMRT.IN,,,,,,,,,90,91,92,93,94.1,95.4,96.8,98.1,99.3,100.4,101.4,102.6,103.9,105.2,106.3,107.2,107.3,106.9,105.7,103.7,101.2,98.4,95.5,92.6,89.9,87.3,84.6,81.9,79.1,76.1,73.2,70.2,67.5,64.8,62.4,60.1,57.9,55.8,53.9,52.2,50.6,49.2,48,47.1,46.3,45.8,45.5,45.2,45.1,45.1,45.2,45.3,45.3,45.3
Maldives,MDV,"Mortality rate, infant (per 1,000 live births)",SP.DYN.IMRT.IN,,,,,,205.8,199.4,192.5,186.1,179.6,172.8,165.7,158.2,150.4,142.8,135.3,128.1,121.3,115.2,109.3,103.8,98.6,93.6,89,84.7,80.5,76.6,72.9,69.3,66,62.8,59.8,56.8,53.9,50.9,47.8,44.7,41.5,38.3,35,31.8,28.6,25.6,22.8,21.4,18.3,16.5,15.1,13.9,12.8,11.9,11.1,10.4,9.7,9,8.4,7.7,7.1,6.5,6,5.5,5.1
Middle East & North Africa,MEA,"Mortality rate, infant (per 1,000 live births)",SP.DYN.IMRT.IN,,,,,,,,,,,,,,,,,,,,,,,,,,,,,,,50.5,48.8,47.2,45.6,44.1,42.6,40.9,39.4,37.9,36.3,34.8,33.3,31.9,30.6,29.4,28.2,27,25.8,24.6,23.7,22.9,22.3,22.1,21.7,21.1,20.5,20,19.3,19.1,18.8,18.3,18.1
Mexico,MEX,"Mortality rate, infant (per 1,000 live births)",SP.DYN.IMRT.IN,106.7,102.8,99.2,95.7,92.5,89.4,86.6,83.8,81.2,78.7,76.2,73.7,71.4,69,66.7,64.5,62.3,60.1,58,56,53.9,51.9,49.9,48,46.1,44.4,42.6,40.9,39.3,37.8,36.2,34.8,33.3,32,30.6,29.4,28.2,26.9,25.8,24.7,23.7,22.7,21.8,21,20.2,19.5,18.8,18.1,17.5,17,16.4,15.9,15.4,14.9,14.4,13.9,13.5,13.1,12.6,12.2,11.8,11.4
Marshall Islands,MHL,"Mortality rate, infant (per 1,000 live births)",SP.DYN.IMRT.IN,85.5,81.8,78.3,75.2,72.1,69.5,67.1,64.7,62.4,60.3,58.3,56.4,54.8,53.6,52.5,51.8,51.2,50.7,50.2,49.6,49,48.1,47.2,46.2,45.1,43.9,42.7,41.5,40.3,39,37.7,36.5,35.3,34.4,33.7,33.3,33.2,33.3,33.6,33.8,33.9,33.9,33.9,33.7,33.5,33.2,32.9,32.6,32.4,32.1,31.8,31.5,31,30.4,29.8,29.2,28.5,27.8,27.1,26.3,25.6,24.8
Middle income,MIC,"Mortality rate, infant (per 1,000 live births)",SP.DYN.IMRT.IN,,,,,,,,,,,,,,,,,,,,,,,,,,,,,,,66.20161519,66.12535209,65.25265001,64.13246963,62.93579526,61.60742981,60.22192944,58.69221127,57.15283706,55.41696305,53.49367861,51.85183374,49.99048791,48.14070401,46.36507708,44.4503449,42.70314161,41.03579404,39.46801897,37.87327049,36.56212876,35.213423,33.63934372,32.62471743,31.36054108,30.56686362,29.52105073,28.56224561,28.23634109,27.62669867,27.32173685,26.83463663
North Macedonia,MKD,"Mortality rate, infant (per 1,000 live births)",SP.DYN.IMRT.IN,,,,,,,,,,,,,,,,,,,,,,52.7,50.3,47.6,45.9,45.3,44.5,42.5,39.4,36.1,33.3,31.2,29.8,28.3,25.7,22,18.9,17.3,16.4,15.5,14.3,13.2,12.8,12.8,12.7,12.2,11.5,10.9,10.3,9.8,9.2,8.8,9,9.4,9.8,10,9.6,8.5,7.1,6,5.2,4.6
Mali,MLI,"Mortality rate, infant (per 1,000 live births)",SP.DYN.IMRT.IN,,,,206.2,202.7,199.5,196.4,193.3,190.4,187.6,184.8,182,179.1,175.9,172.6,169,165.3,161.6,157.9,154.2,150.6,147,143.4,140,136.6,133.4,130.3,127.5,125,122.6,120.4,118.5,116.8,115.2,113.6,112.1,110.5,108.6,106.5,104.2,101.7,99,96.3,93.7,91.2,88.7,86.5,84.3,82.2,80.3,78.4,76.6,74.9,73.2,71.7,70.2,68.7,67.3,65.9,64.4,63,61.6
Malta,MLT,"Mortality rate, infant (per 1,000 live births)",SP.DYN.IMRT.IN,36.1,34.2,32.9,32,31.1,30.3,29.4,28.4,27.3,26.1,24.9,23.7,22.5,21.3,20.1,19.1,18,17.1,16.3,15.6,15,14.4,13.9,13.4,12.9,12.3,11.8,11.3,10.8,10.4,10,9.7,9.3,9,8.7,8.3,7.9,7.6,7.3,7,6.7,6.5,6.3,6.2,6.1,6,6,6,6,6,6,6,5.9,5.9,5.8,5.8,5.7,5.6,5.5,5.3,5.2,5.1
Myanmar,MMR,"Mortality rate, infant (per 1,000 live births)",SP.DYN.IMRT.IN,,,,,,,,,123.1,121,118.9,116.8,114.8,112.6,110.4,108.2,106,103.9,101.8,99.8,97.9,96.1,94.3,92.7,91.1,89.6,88,86.5,84.9,83.3,81.7,80,78.4,76.7,74.9,73.2,71.5,69.8,68.2,66.7,65.1,63.6,62.1,60.5,58.9,57.3,55.6,53.9,63.4,50.3,48.6,46.8,45.1,43.5,42.1,40.7,39.4,38.1,37,35.8,34.7,33.7
Middle East & North Africa (excluding high income),MNA,"Mortality rate, infant (per 1,000 live births)",SP.DYN.IMRT.IN,,,,,,,,,,,,,,,,,,,,,,,,,,,,,,,52.92934764,51.1663251,49.62663222,48.09645842,46.67772999,45.21678794,43.59788922,42.07481966,40.48325876,38.93723077,37.34075634,35.72012395,34.23137109,32.86748373,31.49823797,30.17106448,28.94966831,27.61251983,26.47624514,25.51800373,24.66786523,24.00123938,23.81710629,23.33064087,22.7147346,22.1159688,21.60766918,20.91628008,20.64926369,20.38585877,19.97910228,19.68118639
Montenegro,MNE,"Mortality rate, infant (per 1,000 live births)",SP.DYN.IMRT.IN,,,,,,,,,,,,,,,,,,,,,,,,,24.9,22.6,20.5,18.6,17,15.8,14.8,14.2,13.8,13.6,13.5,13.5,13.5,13.4,13.3,13,12.6,12.1,11.4,10.7,10,9.2,8.5,7.8,7.1,6.4,5.8,5.3,4.7,4.3,3.9,3.5,3.1,2.8,2.5,2.3,2.1,1.9
Mongolia,MNG,"Mortality rate, infant (per 1,000 live births)",SP.DYN.IMRT.IN,,,,,,,,,,,,,,,,,,,119.2,115.3,111.4,107.9,104.4,101,97.6,94,90.3,86.7,83.2,79.8,76.7,73.8,71.1,68.6,66.2,63.6,60.9,58.1,55.1,52,48.8,45.4,42.1,38.9,35.9,33.1,30.6,28.2,25.9,23.9,22.1,20.6,19.4,18.3,17.4,16.6,15.9,15.1,14.4,13.8,13.2,12.7
Northern Mariana Islands,MNP,"Mortality rate, infant (per 1,000 live births)",SP.DYN.IMRT.IN,,,,,,,,,,,,,,,,,,,,,,,,,,,,,,,,,,,,,,,,,,,,,,,,,,,,,,,,,,,,,,
Mozambique,MOZ,"Mortality rate, infant (per 1,000 live births)",SP.DYN.IMRT.IN,,,,,180.3,181.3,182.3,183.2,183.4,183.6,183.7,183.4,182.8,182.1,181.5,180.6,179.9,179.2,179,178.7,179,179,178.5,177.6,176.1,174,171.7,169.5,167.4,165.5,163.3,160.7,158,154.5,150.4,145.4,139.6,132.8,125.6,118.7,112,105.6,100,94.8,90.2,86.2,82.3,77.1,74.6,71.5,71.1,67.8,65.4,63.4,61.9,60.4,58.9,56.7,55.2,53.6,52.5,51
Mauritania,MRT,"Mortality rate, infant (per 1,000 live births)",SP.DYN.IMRT.IN,130.4,127.5,124.6,121.8,119,116.1,113.1,110.1,107.3,105,103.6,102.9,102.8,102.9,102.9,102.3,101.1,99.3,97.3,95.1,93,90.9,88.8,86.6,84.1,81.2,78.4,75.9,73.9,72.3,71.2,70.5,69.9,69.5,69.1,68.6,68.1,67.3,66.1,64.6,62.7,60.4,57.9,55.2,52.5,49.9,47.6,45.7,44,42.7,41.6,40.6,39.8,39,38.1,37.2,36.4,35.5,34.7,33.8,33,32.2
Mauritius,MUS,"Mortality rate, infant (per 1,000 live births)",SP.DYN.IMRT.IN,71.5,67.9,63.2,59.6,58.7,61.2,64.9,67.2,67.2,64.5,60.2,57,56.5,56.9,54.8,49.3,43.2,38.9,36.3,34.6,33.2,31.3,28.3,25.3,23.8,24.1,24.8,24.6,23.2,21.6,20.1,19.1,18.6,18.7,19.1,19.8,20.3,20.2,19.4,18.1,16.6,15.3,14.4,13.8,13.5,13.4,13.2,13,12.7,12.5,12.5,12.7,12.9,13,12.9,12.9,12.9,13.3,13.8,14.5,14.9,15.3
Malawi,MWI,"Mortality rate, infant (per 1,000 live births)",SP.DYN.IMRT.IN,,,,,,,212.6,211.5,210,208.3,206.1,203.1,199,194.1,188.5,182.7,176.7,170.6,164.2,157.9,152.7,148.4,145.8,145.5,147,149.1,150.8,151.3,149.8,146.7,142.5,138,132.9,128,123.8,120.2,117.1,114.1,110.6,106.1,100.1,92.6,84.5,76.7,70,64.9,61.5,59.3,56.2,54.1,52,48.5,45.6,42.8,40.4,38.6,36.9,35.5,34.2,33,32.1,31.2
Malaysia,MYS,"Mortality rate, infant (per 1,000 live births)",SP.DYN.IMRT.IN,68.3,64.3,60.7,57.4,54.5,52,49.8,47.9,46.3,44.7,43.2,41.6,39.8,37.9,36,34,32.1,30.3,28.5,26.8,25.2,23.6,22.2,20.9,19.6,18.5,17.5,16.5,15.7,15,14.3,13.6,13,12.4,11.9,11.5,11.1,10.7,10.1,9.4,8.7,8.1,7.6,7.3,7.1,7,7,7,7,7,7,6.9,6.9,6.9,6.9,7,7,6.9,6.9,6.7,6.6,6.5
North America,NAC,"Mortality rate, infant (per 1,000 live births)",SP.DYN.IMRT.IN,,,,,,,,,,,,,,,,,,,,,,,,,,,,,,,9.2,8.9,8.6,8.3,8,7.7,7.5,7.3,7.2,7.1,7,6.9,6.8,6.8,6.7,6.6,6.6,6.5,6.4,6.2,6.1,6,5.9,5.9,5.8,5.7,5.6,5.6,5.5,5.4,5.4,5.3
Namibia,NAM,"Mortality rate, infant (per 1,000 live births)",SP.DYN.IMRT.IN,,,,,,,,61.8,62,62.2,62.5,62.8,63.1,63.5,63.9,64.4,64.9,65.3,65.6,65.6,65.3,64.4,63.1,61.5,59.5,57.4,55.4,53.5,51.8,50.2,48.9,47.7,47,46.6,46.6,47,47.4,47.6,47,46,44.9,44,43.3,42.8,42.1,39,37.3,37.8,37.8,38.8,36.9,37.2,38.3,36,33.5,33.3,32.6,32,31.5,30.7,30,29.4
New Caledonia,NCL,"Mortality rate, infant (per 1,000 live births)",SP.DYN.IMRT.IN,,,,,,,,,,,,,,,,,,,,,,,,,,,,,,,,,,,,,,,,,,,,,,,,,,,,,,,,,,,,,,
Niger,NER,"Mortality rate, infant (per 1,000 live births)",SP.DYN.IMRT.IN,,,,,,,,129.1,130.5,132,133.6,135.2,136.5,137.6,137.9,137.6,136.6,135,133.2,131.7,130.8,130.6,131.4,132.7,134.3,135.7,136.8,137.1,136.7,135.6,133.8,131.5,128.6,125,120.8,116.3,111.9,108.1,104.6,101.4,98.2,94.7,90.9,86.9,82.9,79,75.6,72.5,69.9,67.7,65.8,64.4,63.3,62.4,61.8,61.3,60.9,60.6,60.4,60.2,59.9,59.5
Nigeria,NGA,"Mortality rate, infant (per 1,000 live births)",SP.DYN.IMRT.IN,,,,,193.9,189.6,185.3,181.2,176.9,172.7,168.2,163.5,158.4,153.4,148.5,143.6,139.1,135,131.3,128.4,126,124.3,123.1,122.7,122.7,123,123.5,124,124.3,124.3,124.2,123.9,123.5,123,122.2,121.1,119.6,117.6,115.2,112.4,109.6,106.6,103.7,100.8,97.9,95,92.4,89.9,87.8,86,84.4,83.2,82,81.1,80.2,79.3,78.3,77.1,75.5,73.9,72.3,70.6
Nicaragua,NIC,"Mortality rate, infant (per 1,000 live births)",SP.DYN.IMRT.IN,132.8,131.6,130.4,129.2,127.9,126.4,124.7,123,121,118.9,116.7,114.1,119.3,108,104.4,100.3,95.7,91.1,86.4,81.8,77.4,73.3,69.6,66.2,63.3,60.8,58.6,56.6,54.7,52.9,50.9,48.9,46.8,44.7,42.6,40.6,38.6,36.7,37.5,33.2,31.6,30.1,28.8,27.5,26.4,25.3,24.2,23.2,22.2,21.3,20.4,19.5,18.7,17.8,16.9,16.1,15.2,14.4,13.6,12.8,12.1,11.4
Netherlands,NLD,"Mortality rate, infant (per 1,000 live births)",SP.DYN.IMRT.IN,16.5,16,15.6,15.2,14.9,14.5,14.2,13.8,13.4,13,12.6,12.2,11.7,11.3,10.9,10.5,10.1,9.7,9.3,9,8.8,8.5,8.4,8.2,8,7.9,7.7,7.5,7.2,7,6.8,6.6,6.3,6.1,5.9,5.7,5.5,5.4,5.3,5.2,5.1,5,4.9,4.8,4.6,4.5,4.3,4.1,4,3.9,3.7,3.7,3.6,3.5,3.5,3.5,3.5,3.5,3.5,3.5,3.5,3.5
Norway,NOR,"Mortality rate, infant (per 1,000 live births)",SP.DYN.IMRT.IN,18.4,17.9,17.5,17.1,16.6,16,15.4,14.8,14.2,13.7,13.2,12.7,12.1,11.6,11,10.5,9.9,9.3,8.8,8.4,8.2,8,8,8.1,8.2,8.3,8.3,8.2,7.9,7.5,7,6.4,5.9,5.4,5,4.6,4.4,4.3,4.1,4,3.9,3.8,3.7,3.6,3.4,3.3,3.2,3,2.9,2.8,2.7,2.5,2.5,2.4,2.3,2.2,2.1,2.1,2,1.9,1.8,1.8
Nepal,NPL,"Mortality rate, infant (per 1,000 live births)",SP.DYN.IMRT.IN,217.9,215.2,211.9,208.1,203.8,199.5,194.8,190.2,185.7,181.4,177.4,173.4,169.7,166.1,162.5,158.8,155.1,151.3,147.4,143.4,139.3,135.1,131,126.9,122.7,118.5,114.2,109.9,105.5,100.9,96.4,91.9,87.6,83.4,79.4,75.6,71.9,68.4,65,61.8,58.7,55.8,53.1,50.5,48.2,45.9,43.8,41.9,40,38.3,36.6,35,33.5,32,30.6,29.2,27.9,26.6,25.5,24.5,23.6,22.8
Nauru,NRU,"Mortality rate, infant (per 1,000 live births)",SP.DYN.IMRT.IN,,,,,,,,,,,,,,,,,,,,,,,,,,62.8,60.2,57.8,55.5,53.3,51.1,49,46.9,44.8,42.9,41.1,39.5,38,36.6,35.4,34.3,33.4,32.6,32,31.6,31.3,31.2,31.2,31.2,31,30.7,30.1,29.5,28.9,28.2,27.5,26.8,26.1,25.4,24.7,23.9,23.2
New Zealand,NZL,"Mortality rate, infant (per 1,000 live births)",SP.DYN.IMRT.IN,22.5,21.7,20.9,20,19.3,18.7,18.3,17.9,17.6,17.2,16.9,16.5,16.2,15.8,15.4,14.9,14.5,14,13.5,13.1,12.8,12.4,12.1,11.9,11.6,11.3,11,10.6,10.1,9.7,9.2,8.7,8.2,7.8,7.5,7.2,6.9,6.7,6.5,6.3,6.1,5.9,5.8,5.7,5.6,5.5,5.4,5.3,5.3,5.2,5.2,5.1,5,4.8,4.7,4.6,4.4,4.3,4.2,4.1,4,3.9
OECD members,OED,"Mortality rate, infant (per 1,000 live births)",SP.DYN.IMRT.IN,,,,,,,,,,,,,,,,,,,,,,,,,,,,,,,17.45769091,16.81228626,16.09931563,15.53045267,14.86471151,14.24805644,13.63087875,12.98338851,12.4192681,11.85972686,11.29358264,10.91688076,10.41016752,9.988077266,9.586335183,9.241216463,8.876879202,8.498583619,8.16986171,7.915140952,7.607270946,7.40370217,7.180048604,7.012418299,6.795705628,6.574241696,6.389884525,6.261326294,6.085030256,5.90066881,5.74197945,5.569065507
Oman,OMN,"Mortality rate, infant (per 1,000 live births)",SP.DYN.IMRT.IN,,,,217,207.2,197.7,188.3,179.3,170.2,161.4,152.9,144.8,137.1,129.5,121.9,114.7,107.3,100,92.8,85.7,78.9,72.3,66.1,60.2,54.8,49.9,45.4,41.4,37.8,34.6,31.7,29,26.6,24.3,22.3,20.4,18.9,17.4,16.2,15.1,14.1,13.2,12.4,11.8,11.3,11,10.7,10.5,10.3,10.2,10.1,10,9.9,9.8,9.7,9.6,9.5,9.4,9.3,9.1,8.9,8.7
Other small states,OSS,"Mortality rate, infant (per 1,000 live births)",SP.DYN.IMRT.IN,,,,,,,,,,,,,,,,,,,,,,,,,,,,,,,64.5609124,63.72536827,62.79978146,62.3256277,62.10814066,61.95975923,61.26224469,60.62019849,59.67888816,58.38091364,57.09070985,56.22712937,55.32873031,54.45589846,53.49230874,52.21602328,50.63712626,49.78884725,49.05189451,47.48107682,45.82533013,44.60464928,43.34583824,42.07099837,40.78522977,39.53613623,38.37914791,37.28805128,36.12608761,35.19941876,34.30454062,33.67703218
Pakistan,PAK,"Mortality rate, infant (per 1,000 live births)",SP.DYN.IMRT.IN,184.9,178.7,172.9,167.4,162.5,157.9,154,150.6,147.6,144.8,142.3,140,137.8,135.9,133.9,132.2,130.6,129,127.5,126,124.5,123,121.4,119.7,117.9,116.2,114.3,112.5,110.6,108.8,106.9,105,102.9,100.8,98.6,96.3,93.9,91.5,89.2,86.9,84.8,82.9,81.1,79.6,78.1,76.8,75.5,74.2,72.9,71.6,70.2,68.7,67.1,65.5,63.9,62.2,60.6,59,57.4,55.9,54.4,52.8
Panama,PAN,"Mortality rate, infant (per 1,000 live births)",SP.DYN.IMRT.IN,66.9,65.1,63.4,61.7,60,58.4,56.9,55.4,53.9,52.2,50.4,48.6,46.6,44.7,42.8,41.2,39.8,38.5,37.4,36.3,35.3,34.2,33.2,32.1,31.1,30.1,29.2,28.3,27.5,26.8,26.1,25.5,25,24.5,24.1,23.7,23.4,23.1,22.7,22.4,21.9,21.4,20.9,20.5,20,19.5,19,18.5,18,17.5,16.9,16.5,15.9,15.4,15,14.6,14.1,13.7,13.2,12.8,12.4,11.9
Peru,PER,"Mortality rate, infant (per 1,000 live births)",SP.DYN.IMRT.IN,136.2,133.1,129.8,126.2,122.6,119.1,115.6,112.4,109.5,106.7,114.1,101.6,99.1,96.6,94.1,91.8,89.8,87.9,86.3,84.8,83.2,81.4,79.3,77,74.3,71.2,68.1,65,62.1,59.3,56.6,54,51.3,48.5,45.7,42.7,39.8,37,34.3,31.6,29.3,27.1,25.1,23.4,21.9,20.5,19.3,18.2,17.2,16.3,15.5,14.8,14.2,13.7,13.2,12.8,12.5,12.2,11.9,11.6,11.3,11
Philippines,PHL,"Mortality rate, infant (per 1,000 live births)",SP.DYN.IMRT.IN,65.7,64,62.5,61.2,60.1,59,58,57.1,56.3,55.6,55,54.7,54.5,54.4,54.4,54.3,54.2,54.1,53.8,53.4,52.9,52.3,51.7,51,50.1,48.9,47.5,45.8,43.9,41.9,39.9,38,36.4,34.9,33.6,32.4,31.4,30.6,29.8,29.2,28.7,28.2,27.8,27.3,26.9,26.5,26.1,25.7,25.4,25.1,24.8,24.5,24.3,24,23.7,23.4,23.1,22.7,22.2,21.6,21,20.5
Palau,PLW,"Mortality rate, infant (per 1,000 live births)",SP.DYN.IMRT.IN,,,,,,,,,,,,,,,,,,,,,,,,,,30.7,30.4,30.2,30,30,30,29.8,29.6,29.3,28.8,28.2,27.7,27.1,26.5,26,25.5,25.1,24.7,24.3,24,23.6,23.2,22.8,22.3,21.7,21.2,20.6,20.1,19.5,18.9,18.3,17.7,17.2,16.6,16.2,15.7,15.1
Papua New Guinea,PNG,"Mortality rate, infant (per 1,000 live births)",SP.DYN.IMRT.IN,133,129.2,125.5,121.8,118.3,114.9,111.6,108.4,105.2,102.1,99,96.1,93.3,90.7,88.2,85.7,83.4,81.3,79.2,77.3,75.5,73.8,72.2,70.7,69.3,68,66.8,65.6,64.5,63.4,62.4,61.3,60.4,59.4,58.5,57.6,56.7,55.9,55.1,54.4,53.6,52.9,52.1,51.3,50.5,49.6,48.8,47.9,46.9,45.9,45,44,43.1,42.1,41.2,40.3,39.3,38.3,37.3,36.4,35.4,34.4
Poland,POL,"Mortality rate, infant (per 1,000 live births)",SP.DYN.IMRT.IN,58,53.5,49.8,46.4,43.3,40.5,37.9,35.8,34.3,33.2,31.9,30.3,28.6,26.9,25.5,24.5,23.7,23.1,22.4,21.7,21,20.5,19.9,19.2,18.5,17.8,17.1,16.5,16,15.6,15.2,14.7,14.3,13.9,13.4,12.6,11.5,10.4,9.4,8.7,8.1,7.6,7.3,7,6.8,6.5,6.3,6.1,5.8,5.4,5.1,4.9,4.7,4.5,4.3,4.2,4.1,4,3.9,3.8,3.7,3.7
Pre-demographic dividend,PRE,"Mortality rate, infant (per 1,000 live births)",SP.DYN.IMRT.IN,,,,,,,,,,,,,,,,,,,,,,,,,,,,,,,110.2069106,109.1402752,108.0772023,106.9959288,105.582236,104.1789345,102.5131652,100.5312329,98.29386959,95.86583307,93.24033967,90.37822387,87.49442627,84.54852432,81.608456,78.78920652,76.1896767,73.73457336,71.5190799,69.44822223,67.57946981,65.84182758,64.20034666,62.6485009,61.27261232,59.96221429,58.69014533,57.37391638,55.99187545,54.70098011,53.4122889,52.14149307
Puerto Rico,PRI,"Mortality rate, infant (per 1,000 live births)",SP.DYN.IMRT.IN,,,,,,,,,,,,,,,,,,,,,,,,,,,,,,,,,,,,,,,,,,,,,,,,,,,,,,,,,,,,,,
North Korea,PRK,"Mortality rate, infant (per 1,000 live births)",SP.DYN.IMRT.IN,,,,,,,,,,,,,,,,,,,,,,,,,,27.7,27.4,27.8,28.9,30.7,33.4,36.9,41.1,45.5,49.8,53.2,55.1,55,53.1,49.4,44.5,39.1,34.2,30.4,27.8,26.4,26,25.7,25.2,24.4,23.1,21.5,19.8,18.3,17,16,15.1,14.4,13.7,13.1,11.6,10.1
Portugal,PRT,"Mortality rate, infant (per 1,000 live births)",SP.DYN.IMRT.IN,84.6,82.4,79,74.6,70,66,63.2,61.3,60.1,58.6,55.9,51.7,47.1,43.1,39.5,36,32.6,29.5,26.8,24.6,22.7,21.2,19.9,18.7,17.6,16.5,15.5,14.5,13.5,12.5,11.5,10.6,9.7,8.8,8.1,7.4,7,6.6,6.3,5.9,5.5,5.1,4.7,4.3,3.9,3.6,3.4,3.3,3.2,3.1,3.1,3,3,3,3,3,3,3,2.9,2.8,2.7,2.5
Paraguay,PRY,"Mortality rate, infant (per 1,000 live births)",SP.DYN.IMRT.IN,60.7,60.2,59.9,59.5,59.3,59.1,58.9,58.6,58.4,58.1,57.7,57.3,56.8,56.2,55.5,54.7,53.9,53,52,50.9,49.7,48.4,47,45.7,44.2,42.8,41.5,40.2,38.9,37.6,36.4,35.2,34.1,33.1,32.1,31.3,30.5,29.8,29.1,28.5,27.9,27.3,26.8,26.2,25.6,25,24.4,23.7,23.1,22.5,21.9,21.3,20.6,20,19.5,18.9,18.3,17.7,17.1,16.6,16.1,15.6
West Bank and Gaza,PSE,"Mortality rate, infant (per 1,000 live births)",SP.DYN.IMRT.IN,,,,,,,,,,,,,,,,76.8,72.7,68.9,65.4,62,58.9,56,53.2,50.5,48,45.7,43.4,41.3,39.4,37.6,36,34.5,33.1,31.9,30.8,29.7,28.7,27.8,26.9,26,25.3,24.6,23.9,23.3,22.6,22,21.3,20.7,20,19.4,18.8,18.2,17.5,16.9,17.2,15.8,15.2,14.7,14.1,13.7,13.2,12.8
Pacific island small states,PSS,"Mortality rate, infant (per 1,000 live births)",SP.DYN.IMRT.IN,,,,,,,,,,,,,,,,,,,,,,,,,,,,,,,29.55344716,28.72471033,27.93443382,27.21326489,26.54165647,25.98282014,25.48009359,25.03260649,24.6226022,24.22851754,23.86627037,23.57557266,23.44210701,23.17699355,23.15738873,23.17629918,23.16738545,23.13530879,23.07783253,23.11915733,22.69069872,22.45131222,22.15874915,21.85351826,21.57779147,21.34516675,21.10901854,20.87579713,20.65538326,20.38151673,20.1221342,19.7667458
Post-demographic dividend,PST,"Mortality rate, infant (per 1,000 live births)",SP.DYN.IMRT.IN,,,,,,,,,,,,,,,,,,,,,,,,,,,,,,,8.984052715,8.657445711,8.333968464,7.979625929,7.581430909,7.223274016,6.932028097,6.663626122,6.461053216,6.218102887,6.04403798,5.877772247,5.733170525,5.645802799,5.499219511,5.380285347,5.299707016,5.170599919,5.047676192,4.919675348,4.738984171,4.636835642,4.528371277,4.471415297,4.397803339,4.327295044,4.246514363,4.220755151,4.160090449,4.097494511,4.010326143,3.974192846
French Polynesia,PYF,"Mortality rate, infant (per 1,000 live births)",SP.DYN.IMRT.IN,,,,,,,,,,,,,,,,,,,,,,,,,,,,,,,,,,,,,,,,,,,,,,,,,,,,,,,,,,,,,,
Qatar,QAT,"Mortality rate, infant (per 1,000 live births)",SP.DYN.IMRT.IN,,,,,,,,,,53.7,50.6,47.7,44.9,42.3,40,37.9,35.9,34.2,32.6,31.1,29.8,28.5,27.3,26.1,24.9,23.7,22.6,21.4,20.2,19,17.8,16.6,15.6,14.7,13.8,13.1,12.5,12,11.6,11.2,10.7,10.4,10,9.6,9.3,9,8.7,8.4,8.2,8,7.8,7.7,7.5,7.2,7,6.6,6.3,5.9,5.5,5.2,4.8,4.5
Romania,ROU,"Mortality rate, infant (per 1,000 live births)",SP.DYN.IMRT.IN,73.1,67.3,59.7,51.8,46.2,45.2,49.3,54.5,55.6,52.3,47.3,42.6,39.1,37.3,36.3,35.1,33.2,31.3,30.2,29.5,28.6,27.3,25.8,24.7,24.1,24.5,25.8,27,26.9,25.7,24.4,23.4,22.8,22.4,22.2,22.1,21.9,21.4,20.4,19.1,18,17.4,17.1,16.9,16.5,15.6,14.3,12.9,11.9,11.1,10.6,10,9.5,8.9,8.3,7.7,7.1,6.6,6.1,5.8,5.5,5.3
Russia,RUS,"Mortality rate, infant (per 1,000 live births)",SP.DYN.IMRT.IN,,,,,,,,,,,30.4,29.1,27.9,26.7,25.7,24.8,24.1,23.5,22.9,22.5,22,21.6,21.2,20.9,20.4,20,19.4,18.7,18.1,17.6,17.3,17.3,17.4,17.6,17.7,17.6,17.4,17.1,16.7,16.2,15.5,14.8,13.9,13,12,11.1,10.3,9.6,9,8.6,8.4,8.2,7.9,7.6,7.2,6.6,6.1,5.6,5.1,4.7,4.4,4.1
Rwanda,RWA,"Mortality rate, infant (per 1,000 live births)",SP.DYN.IMRT.IN,130.4,127.8,125.9,124.8,124.3,124.3,124.6,125.6,127.2,129.1,131,132.7,134.7,137.7,141.6,145.4,148.1,148.4,144.9,138,129.1,119.8,111.6,105.4,101.1,97.6,94.7,92.3,90.3,89.7,91.7,96.8,104.2,112.8,189.9,129.6,131.1,129.1,124.6,118,109.6,100,90.2,81.3,72.8,65.6,59.5,54.5,50.3,47.1,44.1,40.8,39,37.3,35.8,34.7,33.8,32.9,32.1,31.2,30.4,29.7
South Asia,SAS,"Mortality rate, infant (per 1,000 live births)",SP.DYN.IMRT.IN,,,,,,,,,,,,,,,,,,,,,,,,,,,,,,,92.3,89.9,87.5,85.3,83,80.7,78.4,76,73.6,71.2,68.8,66.5,64.3,62.2,60.2,58.2,56.3,54.4,52.5,50.6,48.8,46.9,45.1,43.2,41.4,39.6,37.9,36.4,34.8,33.4,32.1,30.8
Saudi Arabia,SAU,"Mortality rate, infant (per 1,000 live births)",SP.DYN.IMRT.IN,,,,,,,,,,,,,109.4,103,97,91.3,86.1,81.1,76.3,71.8,67.7,63.7,60,56.4,53,49.8,46.7,43.7,40.8,38,35.5,33.1,31,29,27.1,25.4,23.9,22.4,21.1,19.9,18.8,17.7,16.7,15.8,15,14.2,13.4,12.6,11.9,11.2,10.5,9.9,9.3,8.8,8.3,7.8,7.4,6.9,6.6,6.3,6,5.7
Sudan,SDN,"Mortality rate, infant (per 1,000 live births)",SP.DYN.IMRT.IN,106.9,105.3,103.9,102.6,101.3,100.2,99.1,98.2,97.4,96.6,96.1,95.5,95.1,94.6,94.1,93.6,93,92.4,91.8,91.2,90.6,90,89.4,114,112.7,111.4,86.7,85.7,84.7,83.5,82.4,81.1,79.8,78.5,77.1,75.6,74.1,72.4,70.7,68.9,67,65.1,63.2,61.3,59.5,57.8,56.3,54.8,53.4,52.1,50.9,49.7,48.6,47.5,46.4,45.3,44.2,43.1,42,41,39.9,38.9
Senegal,SEN,"Mortality rate, infant (per 1,000 live births)",SP.DYN.IMRT.IN,128.2,128.2,128.4,128.7,128.9,129,128.9,128.5,127.8,126.9,125.5,123.7,121.5,118.9,115.8,112.4,108.6,104.7,101.1,97.8,95,92.5,90.3,88.1,85.7,83,80,77.1,74.5,72.4,71,70.3,70.1,70.2,70.6,71,71.2,71.2,70.7,69.5,67.7,65.2,62.3,59.2,56.1,53.2,50.5,48.2,46.1,44.3,42.7,41.1,39.7,38.2,36.9,35.5,34.3,33,31.9,30.9,30,29.1
Singapore,SGP,"Mortality rate, infant (per 1,000 live births)",SP.DYN.IMRT.IN,35.5,32.8,30.7,29.2,28.2,27.4,26.4,25.2,23.9,22.7,21.7,20.7,19.5,17.9,15.9,14,12.7,12.3,12.3,12.3,12,11.5,10.7,9.9,9.3,8.8,8.3,7.9,7.4,6.8,6.1,5.5,5,4.5,4.2,4,3.8,3.6,3.5,3.3,3,2.8,2.6,2.5,2.4,2.3,2.3,2.3,2.3,2.3,2.3,2.2,2.2,2.2,2.2,2.2,2.2,2.2,2.1,2,1.8,1.7
Solomon Islands,SLB,"Mortality rate, infant (per 1,000 live births)",SP.DYN.IMRT.IN,116.3,111.7,107,102.6,98.2,93.7,89.3,84.8,80.3,75.8,71.3,67.1,63.1,59.3,55.9,55.6,50,47.4,45.1,43,41.2,39.7,38.3,37.1,36.1,35.1,34.2,33.3,32.6,31.8,31.1,30.4,29.7,29,28.3,27.7,27.2,26.7,26.3,25.9,25.6,25.3,25.1,24.9,24.7,24.4,24.1,23.7,23.3,22.8,22.2,21.6,21,20.4,19.9,19.4,18.8,18.2,17.7,17.1,16.6,16.1
Sierra Leone,SLE,"Mortality rate, infant (per 1,000 live births)",SP.DYN.IMRT.IN,220.4,217.3,214.3,211.1,207.9,204.7,201.7,198.7,195.6,192.7,189.9,187.2,184.6,182,179.5,177.2,175,172.9,170.8,169,167.2,165.6,163.9,162.5,161.2,159.8,158.7,157.6,156.6,155.6,154.8,153.9,153,152,150.7,149.3,147.5,145.5,143.3,141,138.6,136.1,133.4,130.6,127.6,124.6,121.3,118,114.5,111,107.6,104.2,101,98,96,95.5,90.1,87.6,85.2,82.8,80.5,78.3
El Salvador,SLV,"Mortality rate, infant (per 1,000 live births)",SP.DYN.IMRT.IN,124.9,122.4,120.1,117.9,115.8,113.7,111.6,109.6,107.7,105.6,103.6,101.5,99.3,96.9,94.3,91.6,88.7,85.5,82.4,79,83.2,72.3,68.9,65.6,62.3,59.2,56.2,53.5,51,48.6,46.3,44.1,42,40,37.9,35.9,34,32.2,30.5,28.9,27.4,26,24.7,23.4,22.3,21.1,20.1,19.1,18.2,17.4,16.5,15.7,15,14.4,13.8,13.3,12.8,12.3,11.9,11.5,11.1,10.7
San Marino,SMR,"Mortality rate, infant (per 1,000 live births)",SP.DYN.IMRT.IN,,,,,,,,,,,,,,,,,,,,,,,,,,20.1,18.2,16.6,15.1,13.6,12.4,11.3,10.2,9.3,8.4,7.7,7,6.4,5.9,5.4,5,4.6,4.3,3.9,3.7,3.4,3.2,3,2.8,2.7,2.5,2.4,2.3,2.2,2.1,2,1.9,1.8,1.7,1.6,1.6,1.5
Somalia,SOM,"Mortality rate, infant (per 1,000 live births)",SP.DYN.IMRT.IN,,,,,,,,,,,,,,,,,,,,,,,,,116.3,115,113.8,112.9,111.7,110.3,108.5,106.4,105.1,104.6,104.5,104.5,104.5,104.5,104.5,104.5,104.5,104.5,104.5,104.5,104.5,104.5,104.2,103.1,101.2,98.8,96.3,93.7,91.2,88.6,86.2,83.7,81.4,79.1,77.1,74.9,72.9,71.1
Serbia,SRB,"Mortality rate, infant (per 1,000 live births)",SP.DYN.IMRT.IN,,,,,,,,,,,,,,,,,,,,,,,,,34.9,33.7,32.6,31.1,29,26.6,24.4,22.6,21.2,19.8,18.5,16.8,15.1,13.5,12.3,11.5,10.9,10.4,9.8,9.1,8.4,7.8,7.4,7.1,6.9,6.7,6.6,6.4,6.1,5.9,5.7,5.5,5.3,5.1,5,4.9,4.8,4.7
Sub-Saharan Africa (excluding high income),SSA,"Mortality rate, infant (per 1,000 live births)",SP.DYN.IMRT.IN,,,,,,,,,,,,,,,,,,,,,,,,,,,,,,,106.8983169,105.9055578,105.0345028,104.120855,103.8814948,101.6725376,100.1896841,98.47033365,96.32315292,93.92626949,91.38530319,88.54882981,85.6789818,82.74727517,79.81909026,76.99914385,74.42015667,71.90224935,69.53606324,67.43417816,65.47040061,63.68457298,61.97407705,60.42621601,59.02303912,57.66825272,56.37202971,55.03190987,53.61914176,52.32820387,51.1342954,49.946162
South Sudan,SSD,"Mortality rate, infant (per 1,000 live births)",SP.DYN.IMRT.IN,,,,,,,,,,,,,,,,,,,175.3,173.4,171.5,169.5,167.6,165.4,163.3,161.2,158.8,156.6,154,151.3,148.5,145.7,142.6,139.1,135.3,131.3,127.4,123.1,118.5,113.9,109.1,104.4,99.8,95.2,90.9,86.8,83.1,79.5,76,72.8,69.6,67,65.1,64,63.8,63.8,63.8,63.8,63.8,63.8,63.8,63.8
Sub-Saharan Africa,SSF,"Mortality rate, infant (per 1,000 live births)",SP.DYN.IMRT.IN,,,,,,,,,,,,,,,,,,,,,,,,,,,,,,,106.9,105.9,105,104.1,103.9,101.7,100.2,98.5,96.3,93.9,91.4,88.6,85.7,82.7,79.8,77,74.4,71.9,69.5,67.4,65.5,63.7,62,60.4,59,57.7,56.4,55,53.6,52.3,51.1,49.9
Small states,SST,"Mortality rate, infant (per 1,000 live births)",SP.DYN.IMRT.IN,,,,,,,,,,,,,,,,,,,,,,,,,,,,,,,54.96405483,54.1963483,53.3701242,52.82977277,52.58088484,52.31016828,51.86333294,51.29439421,50.59407671,49.72420789,48.90649297,48.21430174,47.55970414,46.89303593,46.14686004,45.19253891,43.98862845,43.47318554,42.89010914,41.68614777,40.43928732,39.46953774,38.44375635,37.42674532,36.37135591,35.31354573,34.39477623,33.51813634,32.5615383,31.77856929,31.00163268,30.40728455
Sao Tome & Principe,STP,"Mortality rate, infant (per 1,000 live births)",SP.DYN.IMRT.IN,,,,,,62.1,60.4,58.9,57.7,56.9,56.6,56.6,56.8,57.2,57.6,57.9,58.2,58.4,58.7,59,59.5,60.2,61.1,62.2,63.4,64.7,69.8,66.9,67.9,68.8,69.5,69.8,69.8,69.5,68.6,67.3,65.4,63.1,60.5,57.6,54.5,51.4,48.2,45.2,42.3,39.5,36.8,34.4,32.1,29.9,27.8,25.8,23.9,22,20.2,18.6,17.1,15.7,14.5,13.6,12.8,12.1
Suriname,SUR,"Mortality rate, infant (per 1,000 live births)",SP.DYN.IMRT.IN,,,,,,,,,,,,,,,,,,,,,,,,48.1,46.6,45.2,43.9,42.5,41.2,40,38.8,37.5,36.4,35.2,34,32.8,31.7,30.6,29.5,28.5,27.5,26.7,25.8,25.1,24.3,23.6,23,22.4,21.8,21.3,20.7,20.2,19.7,19.3,18.7,18.3,17.8,17.3,16.8,16.3,15.8,15.4
Slovak Republic,SVK,"Mortality rate, infant (per 1,000 live births)",SP.DYN.IMRT.IN,,,,,,,,,,,,,,,,,,,,,,18.9,18.1,17.3,16.5,15.8,15.1,14.4,13.8,13.2,12.6,12.1,11.6,11.1,10.6,10.1,9.7,9.3,8.9,8.5,8.2,7.9,7.6,7.3,7.1,6.8,6.6,6.4,6.2,6,5.8,5.6,5.5,5.4,5.3,5.1,5.1,5,4.9,4.8,4.7,4.6
Slovenia,SVN,"Mortality rate, infant (per 1,000 live births)",SP.DYN.IMRT.IN,,,,,,,,,,,,,,,,,,,,,,15.4,14.6,13.8,13,12.3,11.5,10.8,10.1,9.4,8.8,8.2,7.6,7.1,6.6,6.2,5.8,5.4,5.1,4.8,4.6,4.3,4.1,3.9,3.7,3.5,3.3,3.1,2.9,2.8,2.6,2.5,2.4,2.3,2.2,2.1,2,2,1.9,1.9,1.8,1.8
Sweden,SWE,"Mortality rate, infant (per 1,000 live births)",SP.DYN.IMRT.IN,16.3,16,15.6,15,14.3,13.7,13.1,12.6,12.1,11.7,11.3,10.9,10.4,9.8,9.3,8.7,8.3,7.9,7.6,7.4,7.1,6.9,6.8,6.6,6.5,6.4,6.3,6.3,6.2,6.1,5.9,5.6,5.2,4.8,4.4,4,3.8,3.6,3.5,3.4,3.4,3.4,3.3,3.2,3.1,3,2.8,2.7,2.6,2.6,2.5,2.5,2.4,2.4,2.4,2.4,2.3,2.3,2.2,2.1,2.1,2
Eswatini,SWZ,"Mortality rate, infant (per 1,000 live births)",SP.DYN.IMRT.IN,140,137.9,135.7,133.4,131,128.5,126,123.5,120.8,118.3,115.6,112.6,109.4,106,102.4,98.7,95,91.3,87.7,84.2,80.8,77.3,73.8,76.3,66.7,63.4,60.3,57.5,55,53.2,51.8,51.4,51.8,53.3,55.6,58.7,61.6,63.7,65.5,66.6,67.7,68.9,69.8,70.6,70.2,70,61.1,62.1,64.2,61.2,58.4,54.7,53.8,52.7,53.4,50.1,48.1,49,45.4,43.9,44.2,41.5
Sint Maarten ,SXM,"Mortality rate, infant (per 1,000 live births)",SP.DYN.IMRT.IN,,,,,,,,,,,,,,,,,,,,,,,,,,,,,,,,,,,,,,,,,,,,,,,,,,,,,,,,,,,,,,
Seychelles,SYC,"Mortality rate, infant (per 1,000 live births)",SP.DYN.IMRT.IN,74.9,74,73,71.9,70.6,69.1,67.2,65,62.5,59.5,56.4,53.2,50,46.7,43.4,40.1,36.8,33.6,30.6,27.8,25.3,23.1,21.3,19.8,18.5,17.4,16.5,15.8,15.1,14.5,14,13.6,13.2,12.8,12.6,12.4,12.2,12.1,12,12,11.9,11.9,12,12,12,12,12.1,12.1,12.2,12.2,12.3,12.3,12.4,12.4,12.5,12.5,12.5,12.6,12.5,12.4,12.2,12
Syrian Arab Republic,SYR,"Mortality rate, infant (per 1,000 live births)",SP.DYN.IMRT.IN,115.5,110.4,105.9,101.8,97.8,94,90.2,86.4,82.5,78.6,74.8,71.2,67.9,64.9,62,59.3,56.6,53.9,51.3,48.8,46.4,46.5,48.5,39.9,38,36.4,34.8,33.5,32.3,31.1,30.1,29,27.9,26.8,25.6,24.5,23.3,22.3,21.3,20.4,19.6,18.8,18.2,17.6,17.2,16.8,16.5,16.3,16.2,16.2,16.2,16.8,23.5,27,27.8,25.8,25.2,19.1,19.2,18.8,18.8,18.4
Turks and Caicos ,TCA,"Mortality rate, infant (per 1,000 live births)",SP.DYN.IMRT.IN,101.7,95.2,89,83,77.4,72,66.8,61.9,57.3,53,48.9,45.2,41.6,38.3,35.2,32.4,29.8,27.5,25.3,23.4,21.7,20.2,18.8,17.5,16.4,15.4,14.4,13.6,12.8,12.1,11.4,10.9,10.3,9.8,9.3,8.9,8.5,8.1,7.8,7.4,7.1,6.8,6.5,6.3,6,5.8,5.6,5.4,5.3,5.1,5,4.9,4.8,4.6,4.5,4.4,4.3,4.2,4.1,4,3.9,3.8
Chad,TCD,"Mortality rate, infant (per 1,000 live births)",SP.DYN.IMRT.IN,,,,,,,,,,,,,129.2,128.5,127.9,127.3,126.6,126,125.3,124.6,123.7,122.8,121.6,120.5,119.2,118,116.7,115.5,114.2,112.9,111.7,110.5,109.3,108.1,107.1,106,105,103.8,102.6,101.2,99.9,98.4,97,95.5,94.1,92.6,91.1,89.4,87.8,86.1,84.4,82.7,81,79.3,77.8,76.1,74.5,72.7,71,69.3,67.6,66
East Asia & Pacific (IDA & IBRD countries),TEA,"Mortality rate, infant (per 1,000 live births)",SP.DYN.IMRT.IN,,,,,,,,,,,,,,,,,,,,,,,,,,,,,,,45.76547708,45.40720205,44.56000006,43.43985808,42.14381684,40.73161812,39.34995162,37.86441139,36.38739548,34.75718049,33.0008419,31.35075135,29.57117609,27.79038163,26.3872118,24.44930638,22.96850174,21.65427256,20.7198425,19.21024188,18.21708804,17.31794473,16.21175509,15.5388722,14.67961994,14.2196174,13.42822052,12.76089121,12.76038013,12.41109012,12.56848322,12.50976541
Europe & Central Asia (IDA & IBRD countries),TEC,"Mortality rate, infant (per 1,000 live births)",SP.DYN.IMRT.IN,,,,,,,,,,,,,,,,,,,,,,,,,,,,,,,35.8306232,35.73568258,35.83142695,35.86841158,35.37313379,34.85481302,33.77477374,32.5679141,31.16184514,29.67326216,27.85122236,26.18493472,24.47335519,22.81998554,21.41316308,20.12460178,18.8751753,17.65924331,16.49486513,15.53429781,14.74077323,14.01923674,13.2447764,12.6355996,12.00087007,11.35586717,10.79076597,10.33882322,9.973191597,9.702916909,9.369890026,9.036614194
Togo,TGO,"Mortality rate, infant (per 1,000 live births)",SP.DYN.IMRT.IN,154.6,153,151.3,149.5,147.6,145.6,143.4,141.1,138.6,135.9,133.3,130.6,128,125.4,122.8,120.2,117.6,115.2,112.7,110.3,107.9,105.7,103.5,101.5,99.6,97.8,96.2,94.7,93.3,92.1,90.9,89.8,88.7,87.5,86.2,84.8,83.2,81.5,79.6,77.7,75.7,73.8,71.8,69.9,68.1,66.3,64.6,63,61.5,59.9,58.3,56.8,55.3,53.8,52.3,50.9,49.5,48.2,46.8,45.6,44.5,43.4
Thailand,THA,"Mortality rate, infant (per 1,000 live births)",SP.DYN.IMRT.IN,101.4,98.2,95.1,92,89,86,83.1,80.2,77.2,74.2,71.3,68.3,65.5,62.7,60.1,57.6,55.3,53,50.9,48.9,46.9,45,43.2,41.5,39.8,38.1,36.5,34.9,33.3,31.8,30.3,28.9,27.5,26.1,24.9,23.7,22.6,21.6,20.6,19.6,18.7,17.8,17,16.2,15.5,14.7,14.1,13.4,12.8,12.2,11.7,11.1,10.6,10.2,9.7,9.3,8.9,8.4,8.1,7.7,7.4,7.1
Tajikistan,TJK,"Mortality rate, infant (per 1,000 live births)",SP.DYN.IMRT.IN,,,,,,,,,,,,,117.6,114.1,110.7,107.6,105.1,103,101.6,100.8,100.1,99.6,98.9,97.7,95.7,92.8,89.2,85.7,82.7,81,81,82.9,86,88.5,89,87.6,84.8,81.1,76.8,72.3,67.6,63,58.6,54.5,50.6,47.2,44.3,41.8,39.9,38.3,37,36,35,34.2,33.4,32.6,31.8,31,30.2,29.4,28.5,27.6
Turkmenistan,TKM,"Mortality rate, infant (per 1,000 live births)",SP.DYN.IMRT.IN,,,,,,,,,,,,,,,,,,102.2,98.9,95.6,92.4,89.1,85.8,82.6,79.4,76.1,73.1,70.3,67.9,65.9,64.5,63.9,63.9,64.2,64.7,65,64.6,63.8,62.2,60.1,57.6,54.8,52,49.3,46.7,44.4,42.4,40.6,39.2,38.1,37.3,36.8,36.4,36.4,36.4,36.6,37,37.2,37.2,36.9,36.5,35.8
Latin America & the Caribbean (IDA & IBRD countries),TLA,"Mortality rate, infant (per 1,000 live births)",SP.DYN.IMRT.IN,,,,,,,,,,,,,,,,,,,,,,,,,,,,,,,44.06001243,42.34463497,40.56391455,38.86123492,37.09297501,35.43276659,33.7860135,32.15838663,30.85558604,29.16816595,27.82261453,26.52085059,25.28413988,24.14485494,23.08280765,22.07425816,21.1668177,20.3186179,19.53670143,18.87148421,18.66456768,17.62058298,17.06831172,16.55604558,16.12560486,15.76056295,15.97722646,15.29211964,14.86661729,14.49612405,14.06783971,13.69241463
Timor-Leste,TLS,"Mortality rate, infant (per 1,000 live births)",SP.DYN.IMRT.IN,,,,,,,,,,,,,,,,,,,,,,,,,,163.6,156.6,150,143.5,137.5,131.9,126.5,121.5,116.6,111.9,107.3,102.9,98.8,94.7,90.8,87,83.4,80,76.7,73.4,70.5,67.6,65,62.7,60.6,58.7,57.1,55.6,54.2,52.9,51.5,50,48.6,47.1,45.7,44.3,43.1
Middle East & North Africa (IDA & IBRD countries),TMN,"Mortality rate, infant (per 1,000 live births)",SP.DYN.IMRT.IN,,,,,,,,,,,,,,,,,,,,,,,,,,,,,,,53.14656692,51.38823691,49.85579915,48.33029038,46.91821768,45.46209719,43.84244489,42.31460456,40.71666856,39.16188641,37.55084401,35.91408608,34.41129677,33.03084628,31.64904365,30.30769061,29.07511842,27.722614,26.57875111,25.61470326,24.76070748,24.091614,23.91375137,23.428131,22.79917315,22.21577831,21.71127203,21.01664308,20.75600585,20.49738793,20.09284446,19.79771473
Tonga,TON,"Mortality rate, infant (per 1,000 live births)",SP.DYN.IMRT.IN,,,,58.5,55.3,52.4,49.6,46.8,44,41.5,39.1,36.9,34.9,33.2,31.6,30.2,29,27.8,26.7,25.7,24.7,24,23.3,22.7,22.2,21.8,21.3,20.8,20.2,19.6,18.9,18.2,17.6,17.1,16.6,16.2,15.9,15.6,15.3,14.9,14.6,14.2,13.8,13.4,13,12.7,12.4,12.1,11.8,11.6,11.3,11.1,11,10.8,10.7,10.6,10.5,10.4,10.2,10.1,9.8,9.6
South Asia (IDA & IBRD),TSA,"Mortality rate, infant (per 1,000 live births)",SP.DYN.IMRT.IN,,,,,,,,,,,,,,,,,,,,,,,,,,,,,,,92.33944814,89.87127207,87.49176728,85.25147807,82.99899612,80.71212235,78.36559915,75.93266921,73.6057058,71.14673069,68.84055554,66.52467016,64.28047205,62.19240013,60.23514102,58.21914008,56.29178472,54.42790902,52.44421573,50.6392145,48.78309473,46.86523531,45.0755233,43.18988827,41.47068311,39.65668657,37.94120574,36.39565723,34.79289529,33.43056928,32.08237356,30.77846096
Sub-Saharan Africa (IDA & IBRD countries),TSS,"Mortality rate, infant (per 1,000 live births)",SP.DYN.IMRT.IN,,,,,,,,,,,,,,,,,,,,,,,,,,,,,,,106.8918669,105.8989711,105.0283906,104.1146814,103.8753515,101.6671197,100.1844689,98.46561849,96.31870371,93.92198969,91.38114669,88.54504469,85.67531004,82.74377133,79.81581519,76.99584338,74.41717971,71.89929333,69.53318509,67.43139891,65.46796422,63.68207472,61.97165465,60.42402365,59.02095865,57.66621137,56.37000446,55.02996194,53.61731636,52.32649239,51.13268457,49.94463954
Trinidad and Tobago,TTO,"Mortality rate, infant (per 1,000 live births)",SP.DYN.IMRT.IN,56,54.3,52.7,51.2,49.8,48.6,47.5,46.5,45.6,44.8,43.9,43.1,42.3,41.4,40.4,39.4,38.4,37.3,36.3,35.2,34.2,33.2,32.2,31.2,30.4,29.7,28.9,28.3,27.7,27.2,26.7,26.3,26,25.7,25.5,25.3,25.1,25.1,25,24.9,24.9,24.7,24.5,24.2,23.8,23.2,22.7,22.1,21.5,20.9,20.4,19.8,19.2,18.6,18.1,17.5,17,16.5,16,15.5,15,14.6
Tunisia,TUN,"Mortality rate, infant (per 1,000 live births)",SP.DYN.IMRT.IN,,,181.7,173.2,165,157,149.3,142.2,135.1,128.4,122,116.1,110.4,104.8,99.2,93.6,88,82.7,77.7,73.2,69,65.4,62.1,59,56.1,53.5,51,48.8,46.8,44.9,43.2,41.6,39.9,38.2,36.4,34.4,32.5,30.5,28.5,26.7,25,23.4,22.1,20.9,19.8,18.8,17.9,17.2,16.6,16.2,15.8,15.5,15.2,15,14.9,14.8,14.7,14.7,14.6,14.5,14.3,14
Turkiye,TUR,"Mortality rate, infant (per 1,000 live births)",SP.DYN.IMRT.IN,171.5,166.2,160.8,155.5,150.4,145.7,141.4,137.4,133.5,129.9,126.3,122.7,119.2,115.7,112.2,108.5,104.8,101.1,97.2,93.4,89.5,85.7,81.9,78.2,74.6,71,67.7,64.5,61.4,58.4,55.5,52.7,50,47.3,44.7,42.1,39.7,37.4,35.1,33,30.9,28.9,27.1,25.3,23.6,22,20.5,19.1,17.8,16.6,15.5,14.5,13.6,12.7,11.9,11.1,10.5,9.8,9.2,8.6,8.1,7.7
Tuvalu,TUV,"Mortality rate, infant (per 1,000 live births)",SP.DYN.IMRT.IN,115.7,111,106.5,102.2,98,94,90.1,86.3,82.7,79.3,75.8,72.3,68.9,65.6,62.3,59.3,56.6,54.2,52,50.1,48.5,47.1,45.8,44.8,43.9,43.2,42.7,42.3,42,41.7,41.4,41,40.5,40,39.3,38.5,37.7,36.7,35.7,34.8,34,33.3,32.7,32.1,31.5,30.8,30,29.1,28.1,27,26,25.1,24.3,23.5,22.8,22,21.3,20.6,20,19.3,18.7,18.1
Tanzania,TZA,"Mortality rate, infant (per 1,000 live births)",SP.DYN.IMRT.IN,142.9,141.9,140.8,139.6,138.3,136.8,134.9,133.1,131.3,129.5,127.7,125.8,123.9,121.7,119.6,117.3,114.8,112.5,110.3,108.6,107.6,107.2,107.3,107.4,107.5,107.2,106.3,105.1,103.6,102,100.5,99.2,98,96.8,95.5,93.9,91.9,89.5,86.4,82.7,78.6,74.2,69.8,65.7,62,58.6,56,53.1,51.1,48.8,47.1,45.5,44.1,43,41.9,41,39.7,38.2,36.8,35.9,34.9,34.1
Uganda,UGA,"Mortality rate, infant (per 1,000 live births)",SP.DYN.IMRT.IN,131.6,129.4,127.5,125.7,123.8,122,120.2,118.5,116.9,115.7,114.9,114.7,115.1,116.1,117.8,119.9,122.2,124.8,127,128.5,129.6,128.9,126.6,123.3,120,117.1,114.6,112.7,111,109.1,107,104.7,102.3,100.2,98.5,97.3,96.2,94.8,92.9,90.3,87.2,83.5,79.3,74.8,70.2,65.9,61.9,58.2,54.9,52.4,49.7,47.1,44.5,42.7,41,39.3,37.6,36,34.4,33.2,32.1,31.2
Ukraine,UKR,"Mortality rate, infant (per 1,000 live births)",SP.DYN.IMRT.IN,,,,,,,,,,,,26.5,25.8,25.1,24.5,24,23.6,23.1,22.7,22.4,21.9,21.4,20.7,20.1,19.4,18.6,18,17.4,17,16.6,16.4,16.4,16.5,16.8,17,17.2,17.2,17.1,16.7,16.2,15.6,15,14.3,13.6,13,12.5,12,11.6,11.1,10.6,10.1,9.6,9.1,8.7,8.4,8.1,7.8,7.6,7.4,7.3,7.1,7
Upper middle income,UMC,"Mortality rate, infant (per 1,000 live births)",SP.DYN.IMRT.IN,,,,,,,,,,,,,,,,,,,,,,,,,,,,,,,41.6,40.8,39.9,38.8,37.5,36.2,34.8,33.3,31.8,30.3,28.7,27.1,25.4,23.8,22.3,21,19.7,18.4,17.2,16.1,15.1,14.3,13.4,12.8,12.1,11.6,11,10.4,10.2,9.9,9.8,9.6
Uruguay,URY,"Mortality rate, infant (per 1,000 live births)",SP.DYN.IMRT.IN,56.6,55.4,54.1,52.8,51.9,51.4,51,50.6,50,49,47.9,47.2,47.2,47.9,48.7,48.9,48.2,46.1,42.8,39,35,31.6,29.1,27.3,26.1,25.1,24.1,23.1,22,20.9,20.1,19.5,19.1,18.8,18.4,18,17.5,16.8,16,15.4,14.9,14.4,14.1,13.7,13.2,12.5,11.8,11,10.3,9.8,9.3,9,8.7,8.4,8,7.7,7.3,6.8,6.3,5.8,5.4,5
United States,USA,"Mortality rate, infant (per 1,000 live births)",SP.DYN.IMRT.IN,25.9,25.4,24.9,24.4,23.8,23.3,22.7,22,21.3,20.6,19.9,19.1,18.3,17.5,16.7,15.9,15.2,14.5,13.8,13.2,12.6,12.1,11.7,11.3,10.9,10.6,10.4,10.2,9.9,9.7,9.4,9.1,8.8,8.5,8.2,7.9,7.7,7.5,7.4,7.2,7.1,7,6.9,6.9,6.8,6.7,6.7,6.6,6.5,6.4,6.2,6.1,6,6,5.9,5.8,5.7,5.7,5.6,5.5,5.4,5.4
Uzbekistan,UZB,"Mortality rate, infant (per 1,000 live births)",SP.DYN.IMRT.IN,,,,,,,,,,,,,,,,,,,,97.9,91.9,86.1,80.8,76.1,71.9,68.1,64.8,62.1,60,58.6,57.9,57.7,57.8,57.8,57.6,57.3,56.7,55.8,54.5,52.8,50.7,48.1,45.4,42.5,39.7,36.9,34.2,31.6,29.1,26.9,24.8,22.9,21.2,19.7,18.3,17.1,16.1,15.2,14.4,13.8,13.2,12.6
St. Vincent & Grenadines,VCT,"Mortality rate, infant (per 1,000 live births)",SP.DYN.IMRT.IN,115.1,108.9,100.8,91.8,82.9,74.8,68,62.4,58.3,55.5,54,53.7,54.3,55.4,56.3,56.2,54.9,52.3,48.8,45,41.1,37.5,34.1,31,28.2,25.9,24,22.5,21.3,20.4,19.7,19.2,18.9,18.8,18.8,18.9,19,19.1,19.2,19.3,19.3,19.2,19.1,19.1,19,19,18.9,18.7,18.5,18.2,17.8,17.3,16.8,16.3,15.8,15.3,14.8,14.3,13.9,13.4,13,12.6
Venezuela,VEN,"Mortality rate, infant (per 1,000 live births)",SP.DYN.IMRT.IN,58.9,57.3,55.9,54.7,53.7,52.8,51.9,51,50.2,49.2,48.1,46.9,45.7,44.4,43.2,42,40.7,39.4,38.1,36.7,35.3,34,32.8,31.7,30.7,29.7,28.7,27.8,26.7,25.7,24.7,23.9,23.3,22.9,22.5,22.1,21.5,20.7,19.8,19,18.3,17.8,17.4,16.9,16.4,15.9,15.4,15,14.8,14.7,14.7,14.8,14.9,15.1,15.4,16.5,21.1,21.1,21.1,21.1,21.1,21.1
British Virgin Islands,VGB,"Mortality rate, infant (per 1,000 live births)",SP.DYN.IMRT.IN,68.9,65.6,62.1,58.5,54.9,51.5,48.3,45.4,42.8,40.5,38.6,37,35.6,34.4,33.4,32.4,31.5,30.5,29.5,28.4,27.3,26.1,24.9,23.7,22.5,21.4,20.4,19.4,18.6,17.9,17.3,16.8,16.4,16,15.7,15.4,15.2,15,14.8,14.7,14.6,14.5,14.5,14.4,14.4,14.4,14.4,14.3,14.1,13.9,13.6,13.3,13,12.7,12.3,12,11.6,11.3,10.9,10.6,10.3,9.9
U.S. Virgin Islands,VIR,"Mortality rate, infant (per 1,000 live births)",SP.DYN.IMRT.IN,,,,,,,,,,,,,,,,,,,,,,,,,,,,,,,,,,,,,,,,,,,,,,,,,,,,,,,,,,,,,,
Vietnam,VNM,"Mortality rate, infant (per 1,000 live births)",SP.DYN.IMRT.IN,,,,,57.2,56.8,56.4,56,55.6,55.2,54.8,54.3,53.7,53.1,52.4,51.7,50.9,49.9,49,48.1,47.1,46.3,45.4,44.6,43.8,43,42.1,41,39.8,38.5,37.1,35.6,34.1,32.6,31.1,29.6,28.2,26.9,25.7,24.6,23.6,22.7,21.9,21.2,20.5,20,19.6,19.2,18.9,18.7,18.4,18.2,18,17.8,17.7,17.5,17.3,17.1,17,16.8,16.6,16.4
Vanuatu,VUT,"Mortality rate, infant (per 1,000 live births)",SP.DYN.IMRT.IN,104.5,101.9,99,96.1,93.1,90.2,87.1,84.1,81.1,78.2,75.4,72.6,70,67.5,65.1,62.8,60.5,58.2,55.8,53.3,50.7,48.1,45.4,42.7,40.2,37.8,35.7,33.8,32.2,30.8,29.5,28.4,27.5,26.7,26.1,25.6,25.2,24.9,24.6,24.3,24.1,23.9,23.8,23.7,23.7,23.7,23.7,23.8,23.9,23.9,24,24,23.9,23.7,23.3,22.9,22.4,21.9,21.4,20.9,20.3,19.7
World,WLD,"Mortality rate, infant (per 1,000 live births)",SP.DYN.IMRT.IN,,,,,,,,,,,,,,,,,,,,,,,,,,,,,,,64.6,64.4,63.6,62.7,61.9,60.6,59.4,58,56.5,55,53.1,51.6,49.9,48.1,46.4,44.6,42.9,41.3,39.8,38.3,37.1,35.9,34.6,33.7,32.5,31.8,30.9,30,29.7,29.2,28.9,28.4
Samoa,WSM,"Mortality rate, infant (per 1,000 live births)",SP.DYN.IMRT.IN,76.5,73.8,71.3,69.1,74.2,65.1,63,60.9,58.7,56.5,54.3,52.1,50,47.9,45.9,44,42.1,40.3,38.5,36.9,35.3,33.9,32.6,31.4,30.3,29.2,28.2,27.3,26.4,25.6,24.9,24.2,23.5,22.8,22.1,21.4,20.7,20.1,19.4,18.8,18.1,17.6,17.2,16.8,16.6,16.5,16.5,16.5,16.6,18.8,16.6,16.5,16.4,16.2,16.1,15.9,15.8,15.6,15.3,15,14.7,14.4
Kosovo,XKX,"Mortality rate, infant (per 1,000 live births)",SP.DYN.IMRT.IN,,,,,,,,,,,,,,,,,,,,,,,,,,121,113.3,106.3,99.6,93.5,87.9,82.4,77.5,72.7,68,63.5,59.1,54.8,50.6,46.6,42.8,39.2,35.8,32.8,29.9,27.4,25.1,23.1,21.3,19.6,18.2,16.9,15.7,14.7,13.8,13,12.2,11.5,10.8,10.1,9.6,9.1
Yemen,YEM,"Mortality rate, infant (per 1,000 live births)",SP.DYN.IMRT.IN,,,,278.2,272,265.1,257.4,249,240.1,231.1,222.1,213.5,205.4,197.7,190.1,182.2,174,165.5,156.8,148.3,140.3,132.4,124.8,117.8,111.7,106.3,101.8,97.8,94.3,91.4,88.7,86.4,84.4,82.7,81.1,79.7,78.2,76.4,74.2,71.7,68.8,65.9,63,60.2,57.4,54.9,52.4,50.1,48.1,46.5,45.6,45.4,45.5,45.3,45.4,46.2,46.1,46,46.6,46.5,45.8,46.7
South Africa,ZAF,"Mortality rate, infant (per 1,000 live births)",SP.DYN.IMRT.IN,,,,,,,,,,,,,,,90.1,86,82.2,78.5,75,71.6,68.6,65.7,63,60.4,58.1,55.9,53.9,52.1,50.4,49,47.8,46.8,46.2,45.9,45.8,45.9,46.3,47,47.5,48,48.9,49.4,49.8,49.9,49.8,50.1,49.3,47.6,44.3,39.9,35.7,33.3,31.9,31,30.2,29.4,28.9,28.3,27.8,27.3,26.9,26.4
Zambia,ZMB,"Mortality rate, infant (per 1,000 live births)",SP.DYN.IMRT.IN,121.5,119.4,117.6,116.1,114.7,113.7,113,112.6,111.9,110.7,108.7,106.1,103,100,97.5,95.6,94.7,94.5,94.8,95.1,95.6,96,96.6,97.8,99.7,101.9,104.1,106,107.3,108.1,108.2,108,107.3,105.9,103.8,101.7,99.7,97.9,96,93.8,90.4,85.6,79.7,73.8,67.7,62.4,58.8,57,54.7,52.9,51.3,50.2,49.3,48.1,47.2,47.2,45.6,44.2,43.6,42.4,41.1,40.2
Zimbabwe,ZWE,"Mortality rate, infant (per 1,000 live births)",SP.DYN.IMRT.IN,92.8,90.6,88.4,86.1,83.8,81.6,79.5,77.7,76,74.7,73.8,73.1,72.6,72.4,72.4,72.6,72.7,72.8,72.5,71.7,70.3,68,65,61.5,58,54.9,52.4,50.9,50.2,50.4,51.1,51.8,52.5,53.3,54.3,55.5,55.8,55.3,54.3,53.1,52.2,51.8,51.8,51.8,53,53.9,55.9,56.9,56.4,55.3,52.9,51.4,47,45.2,43.2,42.1,40.6,39.5,38,37.1,36.6,35.7
